Name,Code,Class,Synonym,Smile,Comment
# comment A amino acids,B Bad groups,C chemicals,D-marketed Drugs,F Fatty acid,G func Group,L lipid,M metabolites,N natural product 
# Copyright (c) Molsoft 2007 All rights reserved
Abacavir,,D,,C(C1)C1NC(C(=C1N2C(C[C@H](CO)C3)C=3)N=C2)=NC(=N1)N,
Abarelix,,D,,CC(C)C[C@@H](C(N[C@@H](CCCCN(C)C)C(N(CCC1)[C@@H]1C(N[C@H](C)C(N)=O)=O)=O)=O)NC([C@H](CC(N)=O)NC([C@@H](CC(C=CC1O)=CC=1)N(C)C([C@@H](CO)NC([C@H](CC(C=CC=N1)=C1)NC([C@H](CC(C=CC1[Cl])=CC=1)NC([C@H](CC(C=CC(C=CC=C1)=C11)=C1)NC(C)=O)=O)=O)=O)=O)=O)=O,
Acamprosate,,D,,CC(NCCCS(O)(=O)=O)=O,
Acarbose,,D,,CC(C(C(C(C1NC(C(C(C(NC(C(C(C(O)O2)O)O)C2CO)O2)O)O)C2CO)O)O)NC(C2)C(C(C(C=2CO)O)O)O)O1,
Acebutolol,,D,,CCCC(NC(C=CC(=C1C(C)=O)OCC(CNC(C)C)O)=C1)=O,
Acetaminophen,,D,,CC(NC(C=CC1O)=CC=1)=O,
Acetazolamide,,D,,CC(NC(=NN=C1S(N)(=O)=O)S1)=O,
Acetohexamide,,D,,CC(C(C=CC1S(NC(NC(CCCC2)C2)=O)(=O)=O)=CC=1)=O,
Acetohydroxamic Acid,,D,,CC(NO)=O,
Acetophenazine,,D,,CC(C(C=CC(=C1S2)N(C3=C2C=CC=C3)CCCN(CCN2CCO)CC2)=C1)=O,
Acetyldigitoxin,,D,,[H][C@@](CC1)([C@]([C@@]([C@]1(C)[C@H]1C(COC2=O)=C2)(CC1)O)([H])CC1)[C@@]([C@]1([H])CC1O[C@H](C[C@@H]([C@@H]([C@H]2C)O[C@@H](C[C@@H](C([C@H]3C)O[C@@H](C[C@@H]([C@H]([C@H]4C)O)OC(C)=O)O4)O)O3)O)O2)(CC1)C,
Acitretin,,D,,CC(C=CC(C(C)=C1)=C(C(=C1OC)C)C)=CC=CC(C)=CC([O-])=O,
Acrosoxacin,,D,,CCN(C1)C(=C(C(C=1C([O-])=O)=O)C=CC1C(C=CN=C2)=C2)C=1,
Acyclovir,,D,,C(COCN(C=N1)C(=C1C1=O)NC(=N1)N)O,
Adapalene,,D,,C(C(CC(C1)C2)C3)C1CC23C(=CC1C(C=CC(C=C2C([O-])=O)=C3C=C2)=C3)C(=CC=1)OC,
Adefovir Dipivoxil,,D,,CC(C)(C)C(=O)OCOP(COCCN(C=N1)C2=C1C(N)=NC=N2)(=O)OCOC(C(C)(C)C)=O,
Adenosine,,D,,C(C(C(C(C1N(C=N2)C3=C2C(N)=NC=N3)O)O)O1)O,
Adinazolam,,D,,CN(C)CC(=NN1)N(C=1CN1)C(C(C=1C(C=CC=C1)=C1)=CC1[Cl])=CC=1,
Albendazole,,D,,CCCSC(C=CC(=C1NC2NC(=O)OC)N=2)=C1,
Albuterol,,D,,CC(C)(C)NCC(C(C=CC(=C1CO)O)=C1)O,
Alclometasone,,D,,[H][C@@](C1)([C@@]([C@]([C@H]1C)(C(COC(CC)=O)=O)OC(CC)=O)(C)C1)[C@@]([C@@]([C@@H]1O)([H])[C@](C(C1)=CC2=O)(C=C2)C)([H])[C@H]1[Cl],
Alendronate,,D,,C(CC(O)(P(O)(O)=O)P(O)(O)=O)CN,
Alfentanil,,D,,CCC(N(C(C=CC=C1)=C1)C1(CCN(CC1)CCN(C(N(CC)N1)=O)N=1)COC)=O,
Alfuzosin,,D,,CN(CCCNC(C(CCC1)O1)=O)C(=NC(=C(C=C(C1OC)OC)C2C=1)N)N=2,
Alitretinoin,,D,,CC(C=CC(=C(C)CCC1)C1(C)C)=CC=CC(C)=CC([O-])=O,
Allopurinol,,D,,C(=C(C1=NC=N2)C2=O)NN1,
Almotriptan,,D,,CN(C)CCC(=CN1)C2=C1C=CC(CS(N(CCC1)C1)(=O)=O)=C2,
Alosetron,,D,,CC(=C(CN(CC1)C(C(=C1N1C)C(C=CC=C2)=C12)=O)N=C1)N1,
Alprazolam,,D,,CC(=NN1)N(C=1CN1)C(C(C=1C(C=CC=C1)=C1)=CC1[Cl])=CC=1,
Alprenolol,,D,,CC(C)NCC(COC(C=CC=C1)=C1CC=C)O,
Alprostadil,,D,,CCCCC[C@@H](C=C[C@H]([C@H](CCCCCCC([O-])=O)C1=O)[C@H](C1)O)O,
Altretamine,,D,,CN(C)C(=NC1N(C)C)N=C(N=1)N(C)C,
Amantadine,,D,,C(C(CC(C1)C2)C3)C1CC23N,
Ambenonium,,D,,CC[N+](CC)(CCNC(C(NCC[N+](CC)(CC)CC(C=CC=C1)=C1[Cl])=O)=O)CC(C=CC=C1)=C1[Cl],
Amcinonide,,D,,[H][C@@](C1)([C@@]([C@@]([C@]1([H])O1)(C(COC(C)=O)=O)OC11CCCC1)(C)C1)[C@@]2([C@]([C@@H]1O)([C@@](C)(C=CC1=O)C(=C1)CC2)F)[H],
Amdinocillin,,D,,CC(C)([C@@H](C(O)=O)N(C1=O)[C@H]2[C@H]1N=CN(CCCCC1)C1)S2,
Amifostine,,D,,C(CN)CNCCSP(O)(O)=O,
Amikacin,,D,,C(CN)[C@@H](C(NC(C1)[C@@H]([C@@H]([C@H]([C@@H]1N)O[C@H]([C@H]([C@@H]([C@@H]([C@H]1CN)O)O)O)O1)O)O[C@@H]([C@H]([C@@H]([C@@H]([C@H]1CO)O)N)O)O1)=O)O,
Amiloride,,D,,C(N)(N)=NC(C(C(N)=NC(=C1[Cl])N)=N1)=O,
Aminocaproic Acid,,D,,C(CCC([O-])=O)CCN,
Aminoglutethimide,,D,,CCC1(C(NC(CC1)=O)=O)C(C=CC1N)=CC=1,
Aminohippurate,,D,,C(C([O-])=O)NC(C(C=CC1N)=CC=1)=O,
Aminolevulinic acid,,D,,C(CC([O-])=O)C(CN)=O,
Aminophylline,,D,,CN(C1=O)C(N(C2=C1NC=N2)C)=O,
Aminosalicylic Acid,,D,,C(=CC(C([O-])=O)=C1O)C(=C1)N,
Amiodarone,,D,,CCCCC(=C(C(C(=CC(=C(C1I)OCCN(CC)CC)I)C=1)=O)C(C=CC=C1)=C11)O1,
Amitriptyline,,D,,CN(C)CCC=C(C(C=CC=C1)=C1CC1)C2=C1C=CC=C2,
Amlexanox,,D,,CC(C)C(C=CC(=C1C(C(C=C(C([O-])=O)C(N)=N2)=C22)=O)O2)=C1,
Amlodipine,,D,,CCOC(C(C(C(=C(C)N1)C(=O)OC)C(C=CC=C2)=C2[Cl])=C1COCCN)=O,
Amodiaquine,,D,,CCN(CC)CC(=CC1NC(=CC=N2)C(=C2C=C2[Cl])C=C2)C(=CC=1)O,
Amoxapine,,D,,C(CN1C(C(=CC2[Cl])C(=CC=2)OC(C=CC=C2)=C22)=N2)NCC1,
Amoxicillin,,D,,CC(C)([C@@H](C([O-])=O)N(C1=O)[C@]2([C@H]1NC([C@H](C(C=CC1O)=CC=1)N)=O)[H])S2,
Amphetamine,,D,,C[C@@H](CC(C=CC=C1)=C1)N,
Amphotericin B,,D,,[H][C@@](C[C@H]1O[C@H]([C@@H]([C@@H]([C@@H]([C@H]2C)O)N)O)O2)([C@H]([C@@H](C[C@]2(C[C@@H](C[C@H]([C@H](CC[C@H](C[C@H](CC(O[C@@H]([C@H]([C@H]([C@@H](C=CC=CC=CC=CC=CC=CC=C1)C)O)C)C)=O)O)O)O)O)O)O)O)C([O-])=O)O2,
Ampicillin,,D,,CC(C)(C(C([O-])=O)N(C1=O)C2(C1NC(C(C(C=CC=C1)=C1)N)=O)[H])S2,
Amprenavir,,D,,CC(C)CN(CC(C(CC(C=CC=C1)=C1)NC(=O)OC(CCO1)C1)O)S(C(C=CC1N)=CC=1)(=O)=O,
Amsacrine,,D,,COC(=CC1NS(C)(=O)=O)C(=CC=1)NC(C(C=CC=C1)=C1N1)=C2C=1C=CC=C2,
Anagrelide,,D,,C(C1=O)N2C(=N1)NC(C=C1)=C(C(=C1[Cl])[Cl])C2,
Anastrozole,,D,,CC(C)(C#N)C(=CC(CN(C=NC1)N=1)=CC1C(C)(C)C#N)C=1,
Anidulafungin,,D,,[H][C@@](C[C@H]1O)(N(C1)C([C@@H]([C@H](C)O)NC([C@@H]1NC(C(C=CC2C(C=CC3C(C=CC4OCCCCC)=CC=4)=CC=3)=CC=2)=O)=O)=O)C(N[C@@H](C(N[C@@H](C(N2[C@@](C(N[C@H]([C@H](C1)O)O)=O)([H])[C@@H]([C@@H](C)C2)O)=O)[C@H](C)O)=O)[C@@H]([C@@H](C(C=CC1O)=CC=1)O)O)=O,
Anileridine,,D,,CCOC(C1(CCN(CC1)CCC(C=CC1N)=CC=1)C(C=CC=C1)=C1)=O,
Anisindione,,D,,COC(C=CC1C(C2=O)C(C3=C2C=CC=C3)=O)=CC=1,
Anisotropine Methylbromide,,D,,[H][C@](CC1)(CC(C2)OC(C(CCC)CCC)=O)[N+]([C@]12[H])(C)C,
Apomorphine,,D,,[H][C@](C1)(N(CC2)C)C(C(C(=C1C=C1)C(=C1O)O)=CC=C1)=C12,
Apraclonidine,,D,,C(CN=C1NC(C2[Cl])=C(C=C(C=2)N)[Cl])N1,
Aprepitant,,D,,C[C@H](C(=CC1C(F)(F)F)C=C(C=1)C(F)(F)F)O[C@@H]([C@H](C(C=CC1F)=CC=1)N1CC(NNC2=O)=N2)OCC1,
Arbutamine,,D,,C(CCNC[C@H](C(C=CC(=C1O)O)=C1)O)CC(C=CC1O)=CC=1,
Ardeparin,,D,,CC(N[C@H](C1*)[C@H]([C@@H]([C@H](O1)COS(O)(=O)=O)O[C@H]([C@H]([C@@H]([C@@H]([C@@H]1C([O-])=O)O[C@H]([C@H]([C@H]([C@H]([C@H]2CO)O[C@H]([C@H]([C@H]([C@@H]([C@H]3C([O-])=O)O*)O)OS(O)(=O)=O)O3)OS(O)(=O)=O)NS(O)(=O)=O)O2)O)OS(O)(=O)=O)O1)O)=O,
Argatroban,,D,,C[C@H](CCN(C([C@@H](CCCN=C(N)N)NS(C(=CC=C1)C2=C1C[C@H](C)CN2)(=O)=O)=O)[C@H]1C([O-])=O)C1,
Aripiprazole,,D,,C(CCOC(C=CC(CCC1=O)=C2N1)=C2)CN(CCN1C(=CC=C2)C(=C2[Cl])[Cl])CC1,
Arsenic trioxide,,D,,O=[As]O[As]=O,
Aspirin,,D,,CC(=O)OC(C=CC=C1)=C1C([O-])=O,
Astemizole,,D,,C(CN1CCC(C=CC2OC)=CC=2)C(CC1)NC(=N1)N(C2=C1C=CC=C2)CC(C=CC1F)=CC=1,
Atazanavir,,D,,CC(C)(C)[C@@H](C(N[C@@H](CC(C=CC=C1)=C1)[C@@H](CN(CC(C=CC1C(C=CC=C2)=N2)=CC=1)NC([C@@H](C(C)(C)C)NC(=O)OC)=O)O)=O)NC(=O)OC,
Atenolol,,D,,CC(C)NCC(COC(C=CC(CC(N)=O)=C1)=C1)O,
Atomoxetine,,D,,CC(C=CC=C1)=C1O[C@H](CCNC)C(C=CC=C1)=C1,
Atorvastatin,,D,,CC(C)C(=C(C(NC(C=CC=C1)=C1)=O)C(C(C=CC=C1)=C1)=C1C(C=CC2F)=CC=2)N1CC[C@H](C[C@H](CC([O-])=O)O)O,
Atovaquone,,D,,C(CC1C(C=CC2[Cl])=CC=2)C(CC1)C(=C1O)C(C(C2=C1C=CC=C2)=O)=O,
Atracurium,,D,,C[N+](CCC(=O)OCCCCCOC(CC[N+](C)(CC1)C(C(C1=CC(=C1OC)OC)=C1)CC(C=CC(=C1OC)OC)=C1)=O)(CC1)C(C(C1=CC(=C1OC)OC)=C1)CC(C=CC(=C1OC)OC)=C1,
Atropine,,D,,[H][C@@](CC1)(CC(C2)OC(C(CO)C(C=CC=C3)=C3)=O)N([C@]12[H])C,
Auranofin,,D,,CC(=O)OC[C@H]([C@H]([C@@H]([C@H]([C@@H]1S)OC(C)=O)OC(C)=O)OC(C)=O)O1,
Azacitidine,,D,,C([C@H]([C@@H]([C@H]([C@H]1N(C=NC(N)=N2)C2=O)O)O)O1)O,
Azatadine,,D,,C(CN(C)CC1)C1=C(C(C=CC=C1)=C1CC1)C2=C1C=CC=N2,
Azathioprine,,D,,CN(C=N1)C(=C1[N+]([O-])=O)SC(C(=C1N=C2)N2)=NC=N1,
Azelaic Acid,,D,,C(CCCC([O-])=O)CCCC([O-])=O,
Azelastine,,D,,CN(CCCC1N(C(C(C=CC=C2)=C2C2CC(C=CC3[Cl])=CC=3)=O)N=2)CC1,
Azithromycin,,D,,CC[C@H]([C@@](C)([C@H]([C@H](C)N(C)C[C@H](C)C[C@](C)([C@H](C(C)[C@@H]([C@H](C)C1=O)O[C@H](C[C@](C)([C@@H]([C@@H]2C)O)OC)O2)O[C@@H]([C@H]([C@@H]2N(C)C)O)O[C@H](C2)C)O)O)O)O1,
Azlocillin,,D,,CC(C)([C@@H](C([O-])=O)N(C1=O)[C@]2([C@H]1NC(C(C(C=CC=C1)=C1)NC(N(CCN1)C1=O)=O)=O)[H])S2,
Aztreonam,,D,,C[C@@H]([C@@H]1NC(C(C(=CSC2[N+])N=2)=NOC(C)(C)C([O-])=O)=O)N(C1=O)S([O-])(=O)=O,
Bacitracin,,D,,CCC(C)[C@@H](C(=NCC1C(N[C@@H](CC(C)C)C(N[C@H](CCC([O-])=O)C(N[C@@H](C(C)CC)C(N[C@@H](CCCCNC([C@@H](CC(N)=O)NC([C@H](CC([O-])=O)NC([C@@H](CC(=CN=C2)N2)NC([C@H](CC(C=CC=C2)=C2)NC([C@@H](C(C)CC)NC([C@H](CCCN)N2)=O)=O)=O)=O)=O)=O)C2=O)=O)=O)=O)=O)S1)N,
Baclofen,,D,,C(C(CN)C(C=CC1[Cl])=CC=1)C([O-])=O,
Balsalazide,,D,,C(CNC(C(C=CC1N=NC(C=CC(=C2C([O-])=O)O)=C2)=CC=1)=O)C([O-])=O,
Beclomethasone,,D,,[H][C@@](C1)([C@@]([C@]([C@@H]1C)(C(CO)=O)O)(C)C1)[C@@]2([C@]([C@@H]1O)([C@@](C)(C=CC1=O)C(=C1)CC2)[Cl])[H],
Benazepril,,D,,CCOC([C@H](CCC(C=CC=C1)=C1)N[C@@H](CC1)C(N(C2=C1C=CC=C2)CC([O-])=O)=O)=O,
Bendroflumethiazide,,D,,C(C(NC(=CC(=C1S(N)(=O)=O)C(F)(F)F)C(=C1)S1(=O)=O)N1)C(C=CC=C1)=C1,
Bentiromide,,D,,C(C(C(NC(C=CC1C([O-])=O)=CC=1)=O)NC(C(C=CC=C1)=C1)=O)C(C=CC1O)=CC=1,
Benzocaine,,D,,CCOC(C(C=CC1N)=CC=1)=O,
Benzonatate,,D,,CCCCNC(C=CC1C(=O)OCCOCCOC)=CC=1,
Benzphetamine,,D,,CC(CC(C=CC=C1)=C1)N(C)CC(C=CC=C1)=C1,
Benzquinamide,,D,,CCN(CC)C(C(CN(CC1)C(C(C1=CC(=C1OC)OC)=C1)([H])C1)C1OC(C)=O)=O,
Benzthiazide,,D,,C(C(NC(=CC(=C1S(N)(=O)=O)[Cl])C(=C1)S1(=O)=O)=N1)SCC(C=CC=C1)=C1,
Benztropine,,D,,[H]C(CC1)(CC(C2)OC(C(C=CC=C3)=C3)C(C=CC=C3)=C3)N(C12[H])C,
Benzyl Benzoate,,D,,C(C(C=CC=C1)=C1)OC(C(C=CC=C1)=C1)=O,
Benzylpenicilloyl Polylysine,,D,,CC(C)(C(C([O-])=O)NC1C(C(NCCCCCC([O-])=O)=O)NC(CC(C=CC=C2)=C2)=O)S1,
Bepridil,,D,,CC(C)COCC(CN(CC(C=CC=C1)=C1)C(C=CC=C1)=C1)N(CCC1)C1,
Betamethasone,,D,,[H][C@@](C1)([C@@]([C@]([C@@H]1C)(C(CO)=O)O)(C)C1)[C@@]2([C@]([C@@H]1O)([C@@](C)(C=CC1=O)C(=C1)CC2)F)[H],
Betanidine,,D,,CNC(NC)=NCC(C=CC=C1)=C1,
Betaxolol,,D,,CC(C)NCC(COC(C=CC(CCOCC(C1)C1)=C1)=C1)O,
Betazole,,D,,C(CN)C(=CC=N1)N1,
Bethanechol,,D,,CC(C[N+](C)(C)C)OC(N)=O,
Bexarotene,,D,,CC(=CC(=C1C(C)(C)CC2)C2(C)C)C(=C1)C(=C)C(C=CC1C([O-])=O)=CC=1,
Bicalutamide,,D,,C[C@](CS(C(C=CC1F)=CC=1)(=O)=O)(C(NC(C=CC(C#N)=C1C(F)(F)F)=C1)=O)O,
Bimatoprost,,D,,CCNC(CCCC=CC[C@H]([C@@H]1O)[C@H]([C@H](C1)O)C=C[C@@H](CCC(C=CC=C1)=C1)O)=O,
Biperiden,,D,,[H]C(CC(C1([H])C2)C(CCN(CCCC3)C3)(C(C=CC=C3)=C3)O)(C1)C=2,
Bisoprolol,,D,,CC(C)NCC(COC(C=CC(COCCOC(C)C)=C1)=C1)O,
Bitolterol Mesylate,,D,,CC(C=CC1C(=O)OC(C=CC2C(CNC(C)(C)C)O)=C(C=2)OC(C(C=CC(C)=C2)=C2)=O)=CC=1,
Bivalirudin,,D,,CC[C@@H](C)[C@@H](C(N(CCC1)[C@@H]1C(N[C@@H](CCC(O)=O)C(N[C@@H](CCC(O)=O)C(N[C@@H](CC(C=CC1O)=CC=1)C(N[C@@H](CC(C)C)C(O)=O)=O)=O)=O)=O)=O)NC([C@@H](CCC(O)=O)NC([C@@H](CCC(O)=O)NC([C@@H](CC(C=CC=C1)=C1)NC([C@@H](CC(O)=O)NC(CNC([C@@H](CC(N)=O)NC(CNC(CNC(CNC(CNC([C@@H](CCC1)N1C([C@@H](CCCNC(N)=N)NC([C@@H](CCC1)N1C([C@H](CC(C=CC=C1)=C1)N)=O)=O)=O)=O)=O)=O)=O)=O)=O)=O)=O)=O)=O)=O,
Bleomycin,,D,,[H][C@@](CC(N)=O)(C(=NC(C(N[C@@]([H])(C(N[C@H](C)[C@@H]([C@@H](C)C(N[C@@]([H])(C(NCCC(=NC1C(=NC2C(N)=O)SC=2)SC=1)=O)[C@H](C)O)=O)O)=O)[C@]([H])(C(=CNC1)N=1)O[C@H]([C@@H]([C@@H]([C@@H]([C@@H]1CO)O)O)O[C@H]([C@@H]([C@@H]([C@H]([C@H]2CO)O)OC(N)=O)O)O2)O1)=O)=C(C)C1N)N=1)NC[C@@H](C(N)=O)N,
Bortezomib,,D,,CC(C)C[C@@H]([B](O)O)NC([C@H](CC(C=CC=C1)=C1)NC(C(C=NC=C1)=N1)=O)=O,
Bosentan,,D,,CC(C)(C)C(C=CC1S(NC(=C(C2OCCO)OC(C=CC=C3)=C3OC)N=C(N=2)C(N=CC=C2)=N2)(=O)=O)=CC=1,
Bretylium,,D,,CC[N+](C)(C)CC(C=CC=C1)=C1[Br],
Brimonidine,,D,,C(CN=C1NC(C=C2)=C(C(C2=N2)=NC=C2)[Br])N1,
Brinzolamide,,D,,CCN[C@H](C1)C(=C(S(N1CCCOC)(=O)=O)S1)C=C1S(N)(=O)=O,
Bromfenac,,D,,C(C([O-])=O)C(=CC=C1)C(=C1C(C(C=CC1[Br])=CC=1)=O)N,
Bromocriptine,,D,,[H][C@@](CCC1)(N1C1=O)[C@@]2(N([C@@H]1CC(C)C)C([C@](C(C)C)(NC([C@H](CN(C)[C@]([H])(C1)C3C4C(C1=C1[Br])=C(C=CC=4)N1)C=3)=O)O2)=O)O,
Bromodiphenhydramine,,D,,CN(C)CCOC(C(C=CC=C1)=C1)C(C=CC1[Br])=CC=1,
Brompheniramine,,D,,CN(C)CCC(C(C=CC1[Br])=CC=1)C(C=CC=C1)=N1,
Buclizine,,D,,CC(C)(C)C(C=CC(CN(CCN1C(C(C=CC=C2)=C2)C(C=CC2[Cl])=CC=2)CC1)=C1)=C1,
Budesonide,,D,,[H]C(C1)(C(C(C1([H])O1)(C(CO)=O)OC1CCC)(C)C1)C2(C(C1O)([H])C(C)(C=CC1=O)C(=C1)CC2)[H],
Bumetanide,,D,,CCCCNC(=CC1C([O-])=O)C(=C(C=1)S(N)(=O)=O)OC(C=CC=C1)=C1,
Bupivacaine,,D,,CCCCN(CCCC1)C1C(NC(C(C)=CC=C1)=C1C)=O,
Buprenorphine,,D,,[H]C([C@@](CC1)(C(=C(C2)C=C3)C4=C3O)[C@@]([C@]2(N1CC(C1)C1)[H])(CC1)C2)(O4)[C@@]1([C@H]2C(C)(C(C)(C)C)O)OC,
Bupropion,,D,,CC(C(C(=CC=CC1[Cl])C=1)=O)NC(C)(C)C,
Buspirone,,D,,C(CCC1(CC(N(CCCCN(CCN2C(N=CC=C3)=N3)CC2)C2=O)=O)C2)C1,
Busulfan,,D,,CS(=O)(=O)OCCCCOS(C)(=O)=O,
Butabarbital,,D,,CCC(C)C(CC)(C1=O)C(NC(N1)=O)=O,
Butalbital,,D,,CC(C)CC(CC=C)(C1=O)C(NC(N1)=O)=O,
Butenafine,,D,,CC(C)(C)C(C=CC(CN(C)CC(=CC=C1)C2=C1C=CC=C2)=C1)=C1,
Butoconazole,,D,,C(CC(C=CC1[Cl])=CC=1)C(CN(C=CN1)C=1)SC(C1[Cl])=C(C=CC=1)[Cl],
Butorphanol Tartrate,,D,,[H][C@@](C1)([C@@]([C@@]2(C(=C1C=CC1O)C=1)CC1)(CCCC2)O)N1CC(CC1)C1,
Cabergoline,,D,,[H][C@](C[C@H]1C(N(CCCN(C)C)C(NCC)=O)=O)([C@](N(C1)CC=C)([H])C1)C2C(C1=CN1)=C1C=CC=2,
Caffeine,,D,,CN(C1=O)C(N(C2=C1N(C=N2)C)C)=O,
Calcidiol,,D,,[H]C(CC1)([C@]([C@H]1[C@H](C)CCCC(C)(C)O)(C)CCC1)C1=CC=C(C[C@H]1O)C(CC1)=C,
Calcitriol,,D,,[H][C@](CC1)([C@]([C@H]1[C@H](C)CCCC(C)(C)O)(C)CCC1)C1=CC=C(C[C@H]1O)C([C@@H](C1)O)=C,
Calcium Acetate,,D,,CC([O-])=O,
Calcium Chloride,,D,,[Ca++],
Calcium Gluceptate,,D,,C([C@H]([C@H]([C@@H]([C@H](C(C([O-])=O)O)O)O)O)O)O,
Candesartan,,D,,CCOC(=N1)N(C(=C1C=CC1)C=1C([O-])=O)CC(C=CC1C(C=CC=C2)=C2C(N=NN2)=N2)=CC=1,
Candicidin,,D,,CC(CC(C)C(C(C)C=CC=CC=CC=CC=CC=CC=CC1OC([C@@H]([C@@H]([C@@H]([C@H]2C)O)N)O)O2)OC(CC(CCCC(CC(CC(CC(CC(CC(C(C(C1)O)C(O)=O)O)=O)O)O)O)=O)=O)=O)C(CC(C(C=CC1N)=CC=1)=O)O,
Candoxatril,,D,,COCCOC[C@H](CC1(CCCC1)C(NC(CCC1C([O-])=O)CC1)=O)C(=O)OC(C=CC(CCC1)=C11)=C1,
Capecitabine,,D,,CCCCCOC(NC(C1F)=NC(N(C=1)[C@H]([C@H]([C@@H]([C@H]1C)O)O)O1)=O)=O,
Capreomycin sulfate,,D,,C(CC(CC(NCC(C1=O)NC(C(NC(C(CNC(C(NC(C(N1)=CNC(N)=O)=O)C(CCNC1N)N=1)=O)N)=O)CO)=O)=O)N)CN,
Captopril,,D,,CC(CS)C(N(CCC1)C1C([O-])=O)=O,
Carbachol,,D,,C[N+](C)(C)CCOC(N)=O,
Carbamazepine,,D,,C1=CC(C=CC=C2)=C2N(C(N)=O)C(C=CC=C2)=C12,
Carbenicillin,,D,,CC(C)([C@@H](C([O-])=O)N(C1=O)[C@]2([C@H]1NC(C(C([O-])=O)C(C=CC=C1)=C1)=O)[H])S2,
Carbidopa,,D,,C[C@@](CC(C=CC(=C1O)O)=C1)(C([O-])=O)NN,
Carbimazole,,D,,CCOC(N(C=C1)C(N1C)=S)=O,
Carbinoxamine,,D,,CN(C)CCOC(C(C=CC1[Cl])=CC=1)C(C=CC=C1)=N1,
Carboplatin,,D,,C(CC1(C([O-])=O)C([O-])=O)C1,
Carboprost Tromethamine,,D,,CCCCC[C@@](C)(C=C[C@H]([C@H](CC=CCCCC([O-])=O)[C@@H]1O)[C@H](C1)O)O,
Carisoprodol,,D,,CCCC(C)(COC(N)=O)COC(NC(C)C)=O,
Carmustine,,D,,C(C[Cl])NC(N(CC[Cl])N=O)=O,
Carphenazine,,D,,CCC(C(C=CC(=C1N(CCCN(CCN2CCO)CC2)C(C=CC=C2)=C22)S2)=C1)=O,
Carprofen,,D,,CC(C([O-])=O)C(C=CC(C(C=C1[Cl])=C(C=C1)N1)=C11)=C1,
Carteolol,,D,,CC(C)(C)NCC(COC(=CC=C1)C(=C1N1)CCC1=O)O,
Carvedilol,,D,,COC(C=CC=C1)=C1OCCNCC(COC(=CC=C1)C(=C1N1)C(C=CC=C2)=C12)O,
Caspofungin,,D,,[H][C@@](C[C@H]1O)(N(C1)C([C@@H]([C@H](C)O)NC([C@@H]1NC(CCCCCCCCC(C)CC(C)CC)=O)=O)=O)C(N[C@@H](C(N[C@@H](C(N([C@@](C(N[C@H]([C@H](C1)O)NCCN)=O)([H])[C@@H]1O)CC1)=O)[C@H](CCN)O)=O)[C@@H]([C@@H](C(C=CC1O)=CC=1)O)O)=O,
Cefaclor,,D,,[H][C@]([C@H]1NC(C(C(C=CC=C2)=C2)N)=O)(N(C1=O)C(=C1[Cl])C([O-])=O)SC1,
Cefadroxil,,D,,[H]C(C1NC(C(C(C=CC2O)=CC=2)N)=O)(N(C1=O)C(=C(C)C1)C([O-])=O)S1,
Cefdinir,,D,,[H][C@]([C@H]1NC(=C(C(=CSC2N)N=2)N=O)O)(N(C1=O)C(=C1C=C)C([O-])=O)SC1,
Cefditoren Pivoxil,,D,,[H][C@]([C@H]1NC(C(C(=CSC2N)N=2)=NOC)=O)(N(C1=O)C(=C1C=CC(=C(C)N=C2)S2)C(=O)OCOC(C(C)(C)C)=O)SC1,
Cefixime,,D,,[H][C@@]([C@@H]1NC(C(C(=CSC2N)N=2)=NOCC([O-])=O)=O)(N(C1=O)C(=C1C=C)C([O-])=O)SC1,
Cefmenoxime,,D,,[H][C@]([C@H]1NC(C(C(=CSC2N)N=2)=NOC)=O)(N(C1=O)C(=C(CSC(=NN=N1)N1C)C1)C([O-])=O)S1,
Cefmetazole,,D,,[H][C@]([C@@]1(NC(CSCC#N)=O)OC)(N(C1=O)C(=C(CSC(=NN=N1)N1C)C1)C([O-])=O)S1,
Ceforanide,,D,,[H][C@]([C@H]1NC(CC(C=CC=C2)=C2CN)=O)(N(C1=O)C(=C(CSC(=NN=N1)N1CC([O-])=O)C1)C([O-])=O)S1,
Cefotaxime,,D,,[H][C@]([C@H]1NC(C(C(=CSC2N)N=2)=NOC)=O)(N(C1=O)C(=C(COC(C)=O)C1)C([O-])=O)S1,
Cefotiam,,D,,[H][C@]([C@H]1NC(CC(=CSC2N)N=2)=O)(N(C1=O)C(=C(CSC(=NN=N1)N1CCN(C)C)C1)C([O-])=O)S1,
Cefpiramide,,D,,[H][C@](C1NC([C@H](C(C=CC2O)=CC=2)NC(C(=CNC(C)=C2)C2=O)=O)=O)(N(C1=O)C(=C(CSC(=NN=N1)N1C)C1)C([O-])=O)S1,
Cefprozil,,D,,[H][C@]([C@H]1NC([C@H](C(C=CC2O)=CC=2)N)=O)(N(C1=O)C(=C1C=CC)C([O-])=O)SC1,
Ceftazidime,,D,,CC(C)(C([O-])=O)ON=C(C(N[C@H](C1=O)[C@]2(N1C(=C(C[N+](C=CC=C1)=C1)CS2)C([O-])=O)[H])=O)C(=CSC1N)N=1,
Ceftriaxone,,D,,[H][C@]([C@H]1NC(C(C(=CSC2N)N=2)=NOC)=O)(N(C1=O)C(=C(CSC(=NC(C1=O)=O)N(N1)C)C1)C([O-])=O)S1,
Cefuroxime,,D,,[H][C@]([C@H]1NC(C(C(=CC=C2)O2)=NOC)=O)(N(C1=O)C(=C(COC(N)=O)C1)C([O-])=O)S1,
Celecoxib,,D,,CC(C=CC1C(=CC(C(F)(F)F)=N2)N2C(C=CC2S(N)(=O)=O)=CC=2)=CC=1,
Cephalexin,,D,,[H][C@]([C@H]1NC([C@H](C(C=CC=C2)=C2)N)=O)(N(C1=O)C(=C(C)C1)C([O-])=O)S1,
Cephaloglycin,,D,,[H][C@]([C@H]1NC([C@H](C(C=CC=C2)=C2)N)=O)(N(C1=O)C(=C(COC(C)=O)C1)C([O-])=O)S1,
Cephalothin,,D,,[H][C@]([C@H]1NC(CC(=CC=C2)S2)=O)(N(C1=O)C(=C(COC(C)=O)C1)C([O-])=O)S1,
Cephapirin,,D,,[H][C@]([C@H]1NC(CSC(C=CN=C2)=C2)=O)(N(C1=O)C(=C(COC(C)=O)C1)C([O-])=O)S1,
Cerivastatin,,D,,CC(C)C(=C(COC)C(C(C=CC1F)=CC=1)=C(C=C[C@@H](C[C@H](CC([O-])=O)O)O)C1C(C)C)N=1,
Cerulenin,,D,,CC=CCC=CCCC([C@@H]([C@H]1C(N)=O)O1)=O,
Ceruletide,,D,,C[C@H]([C@@H](C(NCC(N[C@@H](CC(=CN1)C2=C1C=CC=C2)C(N[C@@H](CCSC)C(N[C@@H](CC(O)=O)C(N[C@@H](CC(C=CC=C1)=C1)C(N)=O)=O)=O)=O)=O)=O)NC([C@@H](CC(C=CC1OS(O)(=O)=O)=CC=1)NC([C@@H](CC(O)=O)NC([C@@H](CCC(N)=O)NC([C@@H](CCC1=O)N1)=O)=O)=O)=O)O,
Cetirizine,,D,,C(CN1C(C(C=CC=C2)=C2)C(C=CC2[Cl])=CC=2)N(CC1)CCOCC([O-])=O,
Cetrorelix,,D,,CC(C)C[C@@H](C(N[C@@H](CCCNC(N)=N)C(N(CCC1)[C@@H]1C(N[C@H](C)C(N)=O)=O)=O)=O)NC([C@H](CCCNC(N)=O)NC([C@@H](CC(C=CC1O)=CC=1)NC([C@@H](CO)NC([C@H](CC(C=CC=N1)=C1)NC([C@@H](CC(C=CC1[Cl])=CC=1)NC([C@H](CC(C=CC(C=CC=C1)=C11)=C1)NC(C)=O)=O)=O)=O)=O)=O)=O,
Cetrorelix,,D,,CC(C)C[C@@H](C(N[C@@H](CCCNC(N)=N)C(N(CCC1)[C@@H]1C(N[C@H](C)C(N)=O)=O)=O)=O)NC([C@H](CCCNC(N)=O)NC([C@@H](CC(C=CC1O)=CC=1)NC([C@@H](CO)NC([C@H](CC(C=CC=N1)=C1)NC([C@@H](CC(C=CC1[Cl])=CC=1)NC([C@H](CC(C=CC(C=CC=C1)=C11)=C1)NC(C)=O)=O)=O)=O)=O)=O)=O,
Cevimeline,,D,,C(CN(CC1)C2)C1[C@]2(CS[C@H]1C)O1,
Chlorambucil,,D,,C(CC([O-])=O)CC(C=CC1N(CC[Cl])CC[Cl])=CC=1,
Chloramphenicol,,D,,C(C(C(C(C=CC1[N+]([O-])=O)=CC=1)O)NC(C([Cl])[Cl])=O)O,
Chlordiazepoxide,,D,,CN=C(CN(C(C(C=CC=C1)=C1)=C(C=C1[Cl])C2C=C1)O)N=2,
Chlorhexidine,,D,,C(CCCN=C(N)N=C(N)NC(C=CC1[Cl])=CC=1)CCN=C(N)N=C(N)NC(C=CC1[Cl])=CC=1,
Chlormerodrin,,D,,COC(CNC(N)=O)C[Hg+],
Chlormezanone,,D,,CN(C(C(C=CC1[Cl])=CC=1)S1(=O)=O)C(CC1)=O,
Chloroprocaine,,D,,CCN(CC)CCOC(C(C=CC1N)=C(C=1)[Cl])=O,
Chloroquine,,D,,CCN(CC)CCCC(C)NC(=CC=N1)C(=C1C=C1[Cl])C=C1,
Chlorothiazide,,D,,C(NC(=CC(=C1S(N)(=O)=O)[Cl])C(=C1)S1(=O)=O)=N1,
Chlorotrianisene,,D,,COC(C=CC1C(=C(C(C=CC2OC)=CC=2)[Cl])C(C=CC2OC)=CC=2)=CC=1,
Chloroxine,,D,,C(C=C(C1[Cl])C(C(=C(C=1)[Cl])O)=N1)=C1,
Chlorphenesin,,D,,C(C(COC(C=CC1[Cl])=CC=1)O)O,
Chlorpheniramine,,D,,CN(C)CCC(C(C=CC1[Cl])=CC=1)C(C=CC=C1)=N1,
Chlorpromazine,,D,,CN(C)CCCN(C(C=CC=C1)=C1S1)C(=C1C=CC1[Cl])C=1,
Chlorpropamide,,D,,CCCNC(NS(C(C=CC1[Cl])=CC=1)(=O)=O)=O,
Chlorprothixene,,D,,CN(C)CCC=C(C(C=CC=C1)=C1S1)C(=C1C=CC1[Cl])C=1,
Chlorthalidone,,D,,C(C=CC(=C1C2=O)C(N2)(C(C=CC(=C2S(N)(=O)=O)[Cl])=C2)O)=C1,
Chlorzoxazone,,D,,C(=CC(=C1NC2=O)O2)C(=C1)[Cl],
Ciclopirox,,D,,CC(=CC(N(C1C(CCCC2)C2)O)=O)C=1,
Cidofovir,,D,,C([C@@H](CO)OCP(O)(O)=O)N(C=CC(N)=N1)C1=O,
Cilostazol,,D,,C(CCC1N(C(CCCCOC(C=CC(=C23)NC(CC2)=O)=C3)=NN2)N=2)CC1,
Cimetidine,,D,,CC(=C(CSCCNC(NC#N)=NC)N=C1)N1,
Cinacalcet,,D,,C[C@H](C(=CC=C1)C2=C1C=CC=C2)NCCCC(=CC=CC1C(F)(F)F)C=1,
Cinalukast,,D,,CCC(CC)(CC(NC(=CC=CC1C=CC(=NC2C(CC3)C3)SC=2)C=1)=O)C([O-])=O,
Cinnarizine,,D,,C(CN1C(C(C=CC=C2)=C2)C(C=CC=C2)=C2)N(CC1)CC=CC(C=CC=C1)=C1,
Cinoxacin,,D,,CCN(C(=CC(=C1OC2)O2)C(=C1)C(C1C([O-])=O)=O)N=1,
Ciprofloxacin,,D,,C(C1)C1N(C1)C(C(C(C=1C([O-])=O)=O)=CC(=C1N(CCNC2)C2)F)=C1,
Cisapride,,D,,COC(CN(CCCOC(C=CC1F)=CC=1)CC1)C1NC(C(=CC(=C1N)[Cl])C(=C1)OC)=O,
Cisatracurium Besylate,,D,,C[N@](CCC(=O)OCCCCCOC(CC[N@](C)(CC1)[C@H](C(C1=CC(=C1OC)OC)=C1)CC(C=CC(=C1OC)OC)=C1)=O)(CC1)[C@H](C(C1=CC(=C1OC)OC)=C1)CC(C=CC(=C1OC)OC)=C1,
Citalopram,,D,,CN(C)CCCC(C(C=CC1F)=CC=1)(C(C=CC(C#N)=C1)=C1C1)O1,
Cladribine,,D,,C([C@@H]([C@H](CO)O1)O)[C@H]1N(C=N1)C(=C1C(N)=NC1[Cl])N=1,
Clarithromycin,,D,,CC[C@H]([C@@](C)([C@H]([C@H](C)C([C@H](C)C[C@](C)([C@H]([C@@H](C)[C@@H]([C@H](C)C1=O)O[C@H](C[C@](C)([C@@H]([C@@H]2C)O)OC)O2)O[C@@H]([C@H]([C@@H]2N(C)C)O)O[C@H](C2)C)OC)=O)O)O)O1,
Clavulanate,,D,,[H][C@](C1)(N(C1=O)[C@H](C1=CCO)C([O-])=O)O1,
Clemastine,,D,,C[C@](C(C=CC=C1)=C1)(C(C=CC1[Cl])=CC=1)OCC[C@H](CCC1)N1C,
Clidinium,,D,,C(C[N+](C)(CC1)C2)C1C2OC(C(C(C=CC=C1)=C1)(C(C=CC=C1)=C1)O)=O,
Clindamycin,,D,,CCC[C@H](C[C@@H](C(NC(C([C@H]([C@@H]([C@H]([C@H]1SC)O)O)O)O1)C(C)[Cl])=O)N1C)C1,
Clobazam,,D,,CN(C1=O)C(C(N(C(C1)=O)C(C=CC=C1)=C1)=CC1[Cl])=CC=1,
Clobetasol,,D,,[H][C@@](C1)([C@@]([C@]([C@@H]1C)(C(C[Cl])=O)OC(CC)=O)(C)C1)[C@@]2([C@]([C@@H]1O)([C@@](C)(C=CC1=O)C(=C1)CC2)F)[H],
Clocortolone,,D,,[H][C@@](C1)([C@@]([C@@H]([C@H]1C)C(COC(C(C)(C)C)=O)=O)(C)C1)[C@@]([C@]([C@@H]1O)([C@@](C)(C=CC1=O)C(=C1)[C@@H]1F)[Cl])(C1)[H],
Clodronate,,D,,OP(C([Cl])(P(O)(O)=O)[Cl])(O)=O,
Clofarabine,,D,,C([C@H]([C@H]([C@@H]([C@H]1N(C=N2)C(=C2C(N)=NC2[Cl])N=2)F)O)O1)O,
Clofazimine,,D,,CC(C)N=C(C=C(C1=N2)N(C3=C2C=CC=C3)C(C=CC2[Cl])=CC=2)C(=C1)NC(C=CC1[Cl])=CC=1,
Clofibrate,,D,,CCOC(C(C)(C)OC(C=CC1[Cl])=CC=1)=O,
Clomifene,,D,,CCN(CC)CCOC(C=CC1C(=C(C(C=CC=C2)=C2)[Cl])C(C=CC=C2)=C2)=CC=1,
Clomipramine,,D,,CN(C)CCCN(C(C=CC=C1)=C1CC1)C(=C1C=CC1[Cl])C=1,
Clomocycline,,D,,[H][C@@](C1)(C(C([C@@]([C@@]1([H])[C@@H]1N(C)C)(C(C(C1=O)=C(NCO)O)=O)O)=O)=C1O)[C@@](C(C1=C1O)=C(C=C1)[Cl])(C)O,
Clonazepam,,D,,C(C1=O)N=C(C(=C(N1)C=CC1[N+]([O-])=O)C=1)C(C=CC=C1)=C1[Cl],
Clonidine,,D,,C(CN=C1NC(C2[Cl])=C(C=CC=2)[Cl])N1,
Clopidogrel,,D,,COC(C(C(C=CC=C1)=C1[Cl])N(CCC(=C1C=C2)S2)C1)=O,
Clorazepate,,D,,C(C=CC1C(C(=CC2[Cl])C(=CC=2)NC(C2C([O-])=O)=O)=N2)=CC=1,
Clotrimazole,,D,,C(C=CC1C(C(C=CC=C2)=C2)(C(C=CC=C2)=C2[Cl])N(C=CN2)C=2)=CC=1,
Cloxacillin,,D,,[H][C@]([C@H]1NC(C(C(C(C=CC=C2)=C2[Cl])=NO2)=C2C)=O)(N(C1=O)[C@@H](C([O-])=O)C1(C)C)S1,
Clozapine,,D,,CN(CCN1C(=C(C=CC=C2)C2=NC(C=CC2[Cl])=C3C=2)N3)CC1,
Cocaine,,D,,[H]C(CC1)(C2)N(C1([H])[C@H](C(=O)OC)[C@@H]2OC(C(C=CC=C1)=C1)=O)C,
Codeine,,D,,[H][C@@](C1)(N(CC2)C)[C@]([C@@]2(C(=C1C=C1)C(=C1OC)O1)[C@]1([C@@H]1O)[H])([H])C=C1,
Colesevelam,,D,,C[N+](C)(C)CCCCCCNCC=C,
Colistimethate,,D,,CCC(C)CCCCC(NC(CCNCS(O)(=O)=O)C(NC(C(C)O)C(NC(CCNCS(O)(=O)=O)C(NC(CCNC(C(C(C)O)NC(C(CCNCS(O)(=O)=O)NC(C(CCN)NC(C(CC(C)C)NC(C(CC(C)C)NC(C(CCNCS(O)(=O)=O)N1)=O)=O)=O)=O)=O)=O)C1=O)=O)=O)=O)=O,
Colistin,,D,,CC(C)CC(C1=O)NC(C(NC(C(CCNC(C(NC(C(NC(C(NC(C(N1)CC(C)C)=O)CCN)=O)CCN)=O)C(C)O)=O)NC(C(CCN)NC(C(C(C)O)NC(C(CCN)NC(CCCCC(C)C*)=O)=O)=O)=O)=O)CCN)=O,
Conivaptan,,D,,CC(=NC(C(C=CC=C1)=C1N1C(C(C=CC2NC(C(C=CC=C3)=C3C(C=CC=C3)=C3)=O)=CC=2)=O)=C2CC1)N2,
Conjugated Estrogens,,D,,[H][C@@](CC1)([C@@]([C@@]([C@@]1(C)C1=O)(CC1)[H])([H])CC1)C(C1=CC1OS([O-])(=O)=O)=CC=1,
Cromolyn,,D,,C(C(COC(=CC=C1)C(=C1OC(=C1)C([O-])=O)C1=O)O)OC(C=CC(=C1C2=O)OC(=C2)C([O-])=O)=C1,
Crotamiton,,D,,CCN(C(C=CC)=O)C(C=CC=C1)=C1C,
Cyclacillin,,D,,CC(C)([C@@H](C([O-])=O)N(C1=O)[C@]2([C@H]1NC(C1(CCCCC1)N)=O)[H])S2,
Cyclizine,,D,,CN(CCN1C(C(C=CC=C2)=C2)C(C=CC=C2)=C2)CC1,
Cyclobenzaprine,,D,,CN(C)CCC=C(C(C=CC=C1)=C1C=C1)C2=C1C=CC=C2,
Cyclopentolate,,D,,CN(C)CCOC(C(C(C=CC=C1)=C1)C1(CCCC1)O)=O,
Cyclophosphamide,,D,,C(CNP(N(CC[Cl])CC[Cl])(=O)O1)C1,
Cycloserine,,D,,C(C(C1=O)N)ON1,
Cyclosporine,,D,,[H][C@@](C1=O)(N(C([C@@H](N(C([C@@H](N(C([C@@H](N(C([C@H](NC([C@@H](NC([C@@H](N(C([C@@H](NC([C@@H](N(C(CN(C([C@@H](N1)CC)=O)C)=O)C)CC(C)C)=O)C(C)C)=O)C)CC(C)C)=O)C)=O)C)=O)C)CC(C)C)=O)C)CC(C)C)=O)C)C(C)C)=O)C)[C@H]([C@H](C)CC=CC)O,
Cyclothiazide,,D,,[H]C(CC(C(NC(=CC(=C1S(N)(=O)=O)[Cl])C(=C1)S1(=O)=O)N1)C1([H])C2)(C1)C=2,
Cycrimine,,D,,C(CCN1CCC(C(CCC2)C2)(C(C=CC=C2)=C2)O)CC1,
Cyproheptadine,,D,,C(CN(C)CC1)C1=C(C(C=CC=C1)=C1C=C1)C2=C1C=CC=C2,
Cysteamine,,D,,C(CS)N,
Cytarabine,,D,,C(C(C(C(C1N(C=CC(N)=N2)C2=O)O)O)O1)O,
Dacarbazine,,D,,CN(C)N=NC(=C(C(N)=O)NC1)N=1,
Dactinomycin,,D,,[H]C(CCC1)(N1C(C(C(C)C)NC(C(C(C)OC(C(C(C)C)N(C)C1=O)=O)NC(C(=C2N)C(C(=C(C2=O)C)O2)=NC(=C3C(NC(C(C)OC(C(C(C)C)N(C)C4=O)=O)C(NC(C(N5C(C(N(C4)C)=O)([H])CCC5)=O)C(C)C)=O)=O)C2=C(C=C3)C)=O)=O)=O)C(N(C1)C)=O,
Dantrolene,,D,,C(C1=O)N(C(N1)=O)N=CC(=CC=C1C(C=CC2[N+]([O-])=O)=CC=2)O1,
Dapiprazole,,D,,CC(C=CC=C1)=C1N(CCN(CCC(=NN1)N2C=1CCCC2)C1)C1,
Dapsone,,D,,C(=CC1S(C(C=CC2N)=CC=2)(=O)=O)C(=CC=1)N,
Daptomycin,,D,,CCCCCCCCCC(N[C@@H](CC(=CN1)C2=C1C=CC=C2)C(N[C@@H](CC(N)=O)C(N[C@@H](CCC(O)=O)C(N[C@@H](C1=O)[C@H](OC([C@@H](NC([C@@H](NC([C@H](NC(CNC([C@@H](NC([C@H](NC([C@@H](NC([C@@H](NC(CN1)=O)CCCCN)=O)CC(O)=O)=O)C)=O)CC(O)=O)=O)=O)CO)=O)C(C)CC(O)=O)=O)CC(C(C=CC=C1)=C1N)=O)=O)C)=O)=O)=O)=O,
Darifenacin,,D,,C(CN(CC[C@@H]1C(C(N)=O)(C(C=CC=C2)=C2)C(C=CC=C2)=C2)C1)C(C=CC(=C12)OCC1)=C2,
Daunorubicin,,D,,CC([C@@]1(C[C@@H](C2=C(C1)C(=C(C(=C2O)C1=O)C(C2C1=C(C=CC=2)OC)=O)O)O[C@H](C[C@@H]([C@@H]([C@@H]1C)O)N)O1)O)=O,
Decamethonium,,D,,C[N+](C)(C)CCCCCCCCCC[N+](C)(C)C,
Deferoxamine,,D,,CC(N(CCCCCNC(CCC(N(CCCCCNC(CCC(N(CCCCCN)O)=O)=O)O)=O)=O)O)=O,
Delavirdine,,D,,CC(C)NC(C=CC=N1)=C1N(CCN1C(C(=CC(C=C2NS(C)(=O)=O)=C3C=C2)N3)=O)CC1,
Demecarium bromide,,D,,CN(CCCCCCCCCCN(C)C(=O)OC(=CC=CC1[N+](C)(C)C)C=1)C(=O)OC(=CC=CC1[N+](C)(C)C)C=1,
Demeclocycline,,D,,[H][C@@](C1)(C(C([C@@]([C@@]1([H])[C@@H]1N(C)C)(C(C(C1=O)=C(N)O)=O)O)=O)=C1O)[C@@H](C(C1=C1O)=C(C=C1)[Cl])O,
Deserpidine,,D,,[H][C@@](C1)([C@@]([C@@H]([C@H]([C@H]1OC(C(=CC(=C(C1OC)OC)OC)C=1)=O)OC)C(=O)OC)([H])C[C@]([H])(C(=C1C(C=CC=C2)=C22)N2)N2CC1)C2,
Desflurane,,D,,C(C(F)(F)F)(OC(F)F)F,
Desipramine,,D,,CNCCCN(C(C=CC=C1)=C1CC1)C2=C1C=CC=C2,
Deslanoside,,D,,[H][C@](CC1)([C@@]([C@]([C@]1([H])[C@@]1([C@@]([C@H](CC1)C(COC1=O)=C1)(C)[C@H]1O)O)(C1)[H])(C)CC[C@@H]1O[C@H](C[C@@H]([C@@H]([C@H]2C)O[C@@H](C[C@@H]([C@@H]([C@H]3C)O[C@@H](C[C@@H]([C@@H]([C@H]4C)O[C@@H]([C@H]([C@@H]([C@@H]([C@H]5CO)O)O)O)O5)O)O4)O)O3)O)O2)C1,
Desloratadine,,D,,C(CNCC1)C1=C(C(C=CC1[Cl])=C(C=1)CC1)C2=C1C=CC=N2,
Desmopressin acetate,,D,,C(C[C@H](C(NCC(N)=O)=O)NC([C@@H](CCC1)N1C([C@H](CS)NC([C@@H](CC(N)=O)NC([C@@H](CCC(N)=O)NC([C@@H](CC(C=CC=C1)=C1)NC([C@@H](CC(C=CC1O)=CC=1)NC(CCS)=O)=O)=O)=O)=O)=O)=O)CNC(N)=N,
Desogestrel,,D,,[H][C@@](CC1)([C@@]([C@@]1(C#C)O)(CC)C1)[C@@]([C@@](C1=C)([H])[C@]1(C2=CCCC1)[H])([H])CC2,
Desoximetasone,,D,,[H][C@@](C1)([C@]([C@@H]([C@H]1C)C(CO)=O)(C)C1)[C@@]2([C@]([C@@H]1O)([C@@](C)(C=CC1=O)C(=C1)CC2)F)[H],
Desoxycorticosterone Pivalate,,D,,[H]C(CC1)(C(C1C(COC(C(C)(C)C)=O)=O)(C)CC1)C2(C1([H])C(C)(CCC1=O)C(=C1)CC2)[H],
Dexamethasone,,D,,[H][C@@](C1)([C@@]([C@]([C@H]1C)(C(CO)=O)O)(C)C1)[C@@]2([C@]([C@@H]1O)([C@@](C)(C=CC1=O)C(=C1)CC2)F)[H],
Dexbrompheniramine,,D,,CN(C)CCC(C(C=CC1[Br])=CC=1)C(C=CC=C1)=N1,
Dexfenfluramine,,D,,CCNC(C)CC(=CC=CC1C(F)(F)F)C=1,
Dexmedetomidine,,D,,CC(C(=CC=C1)C(=C1C)C)C(=CN=C1)N1,
Dexrazoxane,,D,,C[C@@H](CN(CC1=O)CC(N1)=O)N(CC1=O)CC(N1)=O,
Dextromethorphan,,D,,[H][C@@](CCCC1)([C@@]1(CC1)C(=C2C=CC3OC)C=3)[C@](N1C)([H])C2,
Dextrothyroxine,,D,,C(C(C([O-])=O)N)C(=CC(=C(C1I)OC(=CC(=C(C2I)O)I)C=2)I)C=1,
Dezocine,,D,,[H][C@@](CCCCC1)(C2)[C@@H]([C@]1(C)C(=CC1O)C2=CC=1)N,
Diatrizoate,,D,,CC(NC(=C1I)C(=C(C(=C1C([O-])=O)I)NC(C)=O)I)=O,
Diazepam,,D,,CN(C1=O)C(C(C(=NC1)C(C=CC=C1)=C1)=CC1[Cl])=CC=1,
Diazoxide,,D,,CC(NC(C=CC1[Cl])=C(C=1)S1(=O)=O)=N1,
Dibucaine,,D,,CCCCOC(C=C(C(NCCN(CC)CC)=O)C(C=CC=C1)=C11)=N1,
Dichlorphenamide,,D,,C(C1S(N)(=O)=O)=C(C(=C(C=1)[Cl])[Cl])S(N)(=O)=O,
Diclofenac,,D,,C(C([O-])=O)C(C=CC=C1)=C1NC(C1[Cl])=C(C=CC=1)[Cl],
Dicloxacillin,,D,,[H][C@]([C@H]1NC(C(C(C(C2[Cl])=C(C=CC=2)[Cl])=NO2)=C2C)=O)(N(C1=O)[C@@H](C([O-])=O)C1(C)C)S1,
Dicumarol,,D,,C(C(=C(O)O1)C(C2=C1C=CC=C2)=O)C(=C(O)O1)C(C2=C1C=CC=C2)=O,
Dicyclomine,,D,,CCN(CC)CCOC(C1(CCCCC1)C(CCCC1)C1)=O,
Didanosine,,D,,C(C[C@H](N(C=N1)C(=C1C1=O)NC=N1)O1)[C@@H]1CO,
Dienestrol,,D,,CC=C(C(=CC)C(C=CC1O)=CC=1)C(C=CC1O)=CC=1,
Diethylcarbamazine,,D,,CCN(CC)C(N(CCN(C)C1)C1)=O,
Diethylpropion,,D,,CCN(CC)C(C)C(C(C=CC=C1)=C1)=O,
Diethylstilbestrol,,D,,CCC(=C(CC)C(C=CC1O)=CC=1)C(C=CC1O)=CC=1,
Diflorasone,,D,,[H][C@@](C1)([C@@]([C@]([C@@H]1C)(C(COC(C)=O)=O)OC(C)=O)(C)C1)[C@@]([C@]([C@@H]1O)([C@@](C)(C=CC1=O)C(=C1)[C@@H]1F)F)(C1)[H],
Diflunisal,,D,,C(=CC(=C1C([O-])=O)O)C(=C1)C(C=CC1F)=C(C=1)F,
Digoxin,,D,,[H]C(CC1)(C(C2(C1([H])C(C(C(C2)O)(C)C1C(COC2=O)=C2)(CC1)O)[H])(C)CCC1OC(CC(C(C2C)OC(CC(C(C3C)OC(CC(C(C4C)O)O)O4)O)O3)O)O2)C1,
Dihydroergotamine,,D,,[H][C@@](CCC1)(N1C1=O)[C@@]2(N([C@@H]1CC(C=CC=C1)=C1)C([C@](C)(NC([C@H](C[C@]([H])(C(=CC=C1)C(=C1N1)C3=C1)[C@](C3)([H])N1C)C1)=O)O2)=O)O,
Diltiazem,,D,,CC(=O)O[C@@H](C(N(CCN(C)C)C(C=CC=C1)=C1S1)=O)[C@@H]1C(C=CC1OC)=CC=1,
Dimenhydrinate,,D,,C[N+](C)CCOC(C(C=CC=C1)=C1)C(C=CC=C1)=C1,
Dimethyl sulfoxide,,D,,CS(C)=O,
Dinoprost Tromethamine,,D,,CCCCC[C@@H](C=C[C@H]([C@H](CC=CCCCC([O-])=O)[C@@H]1O)[C@H](C1)O)O,
Dinoprostone,,D,,CCCCC[C@@H](C=C[C@H]([C@H](CC=CCCCC([O-])=O)C1=O)[C@H](C1)O)O,
Diphemanil Methylsulfate,,D,,C[N+](C)(CCC1=C(C(C=CC=C2)=C2)C(C=CC=C2)=C2)CC1,
Diphenhydramine,,D,,CN(C)CCOC(C(C=CC=C1)=C1)C(C=CC=C1)=C1,
Diphenidol,,D,,C(CCN1CCCC(C(C=CC=C2)=C2)(C(C=CC=C2)=C2)O)CC1,
Diphenoxylate,,D,,CCOC(C1(CCN(CC1)CCC(C#N)(C(C=CC=C1)=C1)C(C=CC=C1)=C1)C(C=CC=C1)=C1)=O,
Diphenylpyraline,,D,,C(CN(C)CC1)C1OC(C(C=CC=C1)=C1)C(C=CC=C1)=C1,
Dipivefrin,,D,,CC(C)(C)C(=O)OC(C=CC1C(CNC)O)=C(C=1)OC(C(C)(C)C)=O,
Dipyridamole,,D,,C(CCN1C(C(=C(C2N(CCCC3)C3)N=C3N(CCO)CCO)N=C(N=2)N(CCO)CCO)=N3)CC1,
Dirithromycin,,D,,CC[C@H]([C@](C)([C@H]([C@@H](C)[C@@H]([C@H](C)C[C@](C)([C@H]([C@@H](C)[C@@H]([C@H](C)C1=O)O[C@H](C[C@](C)([C@@H]([C@@H]2C)O)OC)O2)O[C@@H]([C@H]([C@@H]2N(C)C)O)O[C@H](C2)C)O)N[C@H]2COCCOC)O2)O)O1,
Disopyramide,,D,,CC(C)N(CCC(C(N)=O)(C(C=CC=C1)=C1)C(C=CC=C1)=N1)C(C)C,
Disulfiram,,D,,CCN(CC)C(=S)SSC(N(CC)CC)=S,
Divalproex,,D,,CCCC(CCC)C([O-])=O,
Dobutamine,,D,,CC(CCC(C=CC1O)=CC=1)NCCC(C=CC(=C1O)O)=C1,
Docetaxel,,D,,[H][C@]([C@@H]1OC(C(C=CC=C2)=C2)=O)([C@@](C([C@H](C(=C([C@@H](C2)OC([C@H]([C@@H](C(C=CC=C3)=C3)NC(=O)OC(C)(C)C)O)=O)C)C([C@@]12O)(C)C)O)=O)(C)[C@@H]1O)[C@@]2([C@](C1)([H])OC2)OC(C)=O,
Docosanol,,D,,CCCCCCCCCCCCCCCCCCCCCCOC=O,
Dofetilide,,D,,CN(CCC(C=CC1NS(C)(=O)=O)=CC=1)CCOC(C=CC1NS(C)(=O)=O)=CC=1,
Dolasetron,,D,,[H]C(CC(C1)C2=O)(CC(C3)OC(C(=CN4)C5=C4C=CC=C5)=O)N([C@]13[H])C2,
Domperidone,,D,,C(CN(CCC1N(C2=O)C(C(N2)=CC2[Cl])=CC=2)CC1)CN(C1=O)C2=C(N1)C=CC=C2,
Donepezil,,D,,COC(C=C(C1)C(C(C1CC(CCN1CC(C=CC=C2)=C2)CC1)=O)=C1)=C1OC,
Dopamine,,D,,C(CN)C(C=CC(=C1O)O)=C1,
Dorzolamide,,D,,CCNC(C1)C(=C(S(C1C)(=O)=O)S1)C=C1S(N)(=O)=O,
Doxacurium chloride,,D,,C[N+](CCCOC(CCC(=O)OCCC[N+](C)(CC1)C(C(C1=C1)=C(C(=C1OC)OC)OC)CC(=CC(=C(C1OC)OC)OC)C=1)=O)(CC1)C(C(C1=C1)=C(C(=C1OC)OC)OC)CC(=CC(=C(C1OC)OC)OC)C=1,
Doxapram,,D,,CCN(C1)C(C(C1CCN(CCOC1)C1)(C(C=CC=C1)=C1)C(C=CC=C1)=C1)=O,
Doxazosin,,D,,COC(C=C(C(N)=NC1N(CCN2C(C(COC(C=CC=C3)=C33)O3)=O)CC2)C(N=1)=C1)=C1OC,
Doxepin,,D,,CN(C)CCC=C(C(C=CC=C1)=C1CO1)C2=C1C=CC=C2,
Doxorubicin,,D,,C[C@@H]([C@@H]([C@@H]1N)O)O[C@H](C1)O[C@@H](C[C@@]1(C(CO)=O)O)C(C(C1)=C(C(=C1C2=O)C(C3C2=C(C=CC=3)OC)=O)O)=C1O,
Doxycycline,,D,,[H][C@](C1C2=O)([C@H](C3C(C=1O)=C(C=CC=3)O)C)[C@@H]([C@]([C@@]21O)([C@@H](C(C(C1=O)=C(N)O)=O)N(C)C)[H])O,
Doxylamine,,D,,CC(C(C=CC=C1)=C1)(C(C=CC=C1)=N1)OCCN(C)C,
Dromostanolone,,D,,[H][C@@](CC1)([C@@]([C@@]2([C@]1([H])[C@@]([H])(CC1)[C@@]([C@@H]1OC(CC)=O)(C)CC2)[H])(C)C[C@H](C)C1=O)C1,
Droperidol,,D,,C(CC(C(C=CC1F)=CC=1)=O)CN(CCC1N(C2=O)C3=C(N2)C=CC=C3)CC=1,
Duloxetine,,D,,CNCC[C@@H](C(=CC=C1)S1)OC(=CC=C1)C2=C1C=CC=C2,
Dutasteride,,D,,[H]C(CC1)([C@@]([C@@]([C@@]1(C)[C@@H]1C(NC(=CC2C(F)(F)F)C(=CC=2)C(F)(F)F)=O)(CC1)[H])([H])CC1)[C@@]([C@]1([H])N1)(C)C=CC1=O,
Dyclonine,,D,,CCCCOC(C=CC1C(CCN(CCCC2)C2)=O)=CC=1,
Dydrogesterone,,D,,[H][C@@](CC1)([C@@]([C@@H]1C(C)=O)(C)CC1)[C@@]2([C@]1([H])[C@@](C)(CCC1=O)C(=C1)C=C2)[H],
Dyphylline,,D,,CN(C1=O)C(N(C2=C1N(C=N2)CC(CO)O)C)=O,
Echothiophate Iodide,,D,,CCOP(=O)(OCC)SCC[N+](C)(C)C,
Econazole,,D,,C(C(C(C=CC1[Cl])=C(C=1)[Cl])OCC(C=CC1[Cl])=CC=1)N(C=CN1)C=1,
Edrophonium,,D,,CC[N+](C)(C)C(=CC=CC1O)C=1,
Efavirenz,,D,,C(C1)C1C#C[C@@](C(=CC1[Cl])C(=CC=1)NC1=O)(O1)C(F)(F)F,
Eletriptan,,D,,CN(CCC1)[C@H]1CC(=CN1)C2=C1C=CC(CCS(C(C=CC=C1)=C1)(=O)=O)=C2,
Emedastine,,D,,CCOCCN(C(C=CC=C1)=C1N1)C=1N(CCCN(C)C1)C1,
Emtricitabine,,D,,C([C@H](O[C@@H]1N(C=C(C(N)=N2)F)C2=O)SC1)O,
Enalapril,,D,,CCOC([C@H](CCC(C=CC=C1)=C1)N[C@H](C)C(N(CCC1)[C@@H]1C([O-])=O)=O)=O,
Encainide,,D,,CC(CN(CCCC1)C1)C(C=CC=C1)=C1NC(C(C=CC1OC)=CC=1)=O,
Enflurane,,D,,C(F)(OC(C(F)[Cl])(F)F)F,
Enoxacin,,D,,CCN(C1)C(C(C(C=1C([O-])=O)=O)=CC(=C1N(CCNC2)C2)F)=N1,
Enoxaparin,,D,,CC(NC(C(C(C(COS(O)(=O)=O)O1)OC(C(C(C(C2C([O-])=O)OC(C(C(C(C3CO)OC(C(C(C(C4C([O-])=O)O)O)OS(O)(=O)=O)O4)OS(O)(=O)=O)NS(O)(=O)=O)O3)O)OS(O)(=O)=O)O2)O)C1O)=O,
Enprofylline,,D,,CCCN(C1=O)C(=C(C(N1)=O)N1)N=C1,
Entacapone,,D,,CCN(CC)C(C(=CC(=CC(C(C1N(O)O)=O)=O)C=1)C#N)=O,
Entecavir,,D,,C=C([C@@H]1N(C=N2)C(=C2C2=O)NC(=N2)N)[C@H]([C@@H](C1)O)CO,
Epinastine,,D,,[H]C(CN1)(N(C=1N)C(C=CC=C1)=C1C1)C2=C1C=CC=C2,
Epinephrine,,D,,CNCC(C(C=CC(=C1O)O)=C1)O,
Epirubicin,,D,,C[C@@H]([C@H]([C@@H]1N)O)O[C@H](C1)O[C@@H](C[C@@]1(C(CO)=O)O)C(C(C1)=C(C(=C1C2=O)C(C3C2=C(C=CC=3)OC)=O)O)=C1O,
Eplerenone,,D,,[H]C([C@H]1C(=O)OC)([C@]([C@@](C(C1)=CC1=O)(CC1)C)(C12[H])O2)[C@@]([C@@](C1)(C)[C@]1(CCC2=O)O2)([H])CC1,
Epoprostenol,,D,,[H][C@@](C1)([C@]([C@H]([C@H]1O)C=C[C@@H](CCCCC)O)([H])CC1=CCCCC([O-])=O)O1,
Eprosartan,,D,,CCCCC(=NC1)N(C=1C=C(CC(=CC=C1)S1)C([O-])=O)CC(C=CC1C([O-])=O)=CC=1,
Ergoloid mesylate,,D,,CC(C)[C@@](C(N(C(CC(C=CC=C1)=C1)C1=O)[C@]2(C3N1CCC3)O)=O)(O2)NC(C(CC(C1N2C)C3C(C(C1)=CN1)=C1C=CC=3)C2)=O,
Ergotamine,,D,,[H][C@@](CCC1)(N1C1=O)[C@@]2(N([C@@H]1CC(C=CC=C1)=C1)C([C@](C)(NC([C@H](CN(C)[C@]([H])(C1)C3C4C(C1=CN1)=C1C=CC=4)C=3)=O)O2)=O)O,
Erlotinib,,D,,COCCOC(=CC(C(NC(=CC=CC1C#C)C=1)=NC=N1)=C1C1)C=1OCCOC,
Ertapenem,,D,,[H][C@@]([C@@H]1[C@H](C)O)(N(C1=O)C1C([O-])=O)[C@H](C=1S[C@@H](C[C@@H](C(NC(=CC=CC1C([O-])=O)C=1)=O)N1)C1)C,
Erythromycin,,D,,CCC(C(C)(C(C(C)C(C(C)CC(C)(C(C(C)C(C(C)C1=O)OC(CC(C)(C(C2C)O)OC)O2)OC(C(C2N(C)C)O)OC(C2)C)O)=O)O)O)O1,
Escitalopram,,D,,CN(C)CCC[C@@](C(C=CC1F)=CC=1)(C(C=CC(C#N)=C1)=C1C1)O1,
Esmolol,,D,,CC(C)NCC(COC(C=CC(CCC(=O)OC)=C1)=C1)O,
Esomeprazole,,D,,CC(C=N1)=C(C(=C1CS(C(=NC(C=CC1OC)=C2C=1)N2)=O)C)OC,
Estazolam,,D,,C(C(=NN=C1)N1C(C=CC1[Cl])=C(C=1)C1C(C=CC=C2)=C2)N=1,
Estradiol,,D,,[H]C(CC1)(C(C(C1(C)C1O)(CC1)[H])([H])CC1)C(C1=CC1O)=CC=1,
Estramustine,,D,,[H]C(CC1)(C(C(C1(C)C1O)(CC1)[H])([H])CC1)C(C1=CC1OC(N(CC[Cl])CC[Cl])=O)=CC=1,
Estrone,,D,,[H][C@@](CC1)([C@@]([C@@]([C@@]1(C)C1=O)(CC1)[H])([H])CC1)C(C1=CC1O)=CC=1,
Eszopiclone,,D,,CN(CCN(C1C(C=CC2[Cl])=NC=2)C(=O)O[C@@H](C(C(C2=O)=NC=C3)=N3)N2)C1,
Ethacrynic acid,,D,,CCC(=C)C(C(C=C1)=C(C(=C1OCC([O-])=O)[Cl])[Cl])=O,
Ethambutol,,D,,CCC(CO)NCCNC(CC)CO,
Ethanol,,D,,CCO,
Ethchlorvynol,,D,,CCC(C=C[Cl])(C#C)O,
Ethinamate,,D,,C#CC1(CCCCC1)OC(N)=O,
Ethinyl Estradiol,,D,,[H][C@@](CC1)([C@@]([C@@]2([C@@]1(C)[C@@](CC2)(C#C)O)[H])([H])CC1)C(C1=CC1O)=CC=1,
Ethionamide,,D,,CCC(=CC1C(N)=S)N=CC=1,
Ethopropazine,,D,,CCN(CC)C(C)CN(C(C=CC=C1)=C1S1)C2=C1C=CC=C2,
Ethosuximide,,D,,CCC(C)(CC1=O)C(N1)=O,
Ethotoin,,D,,CCN(C(C(C(C=CC=C1)=C1)N1)=O)C1=O,
Ethoxzolamide,,D,,CCOC(C=CC(=C1SC2S(N)(=O)=O)N=2)=C1,
Ethynodiol Diacetate,,D,,[H][C@@](CC1)([C@@]([C@@]1(C#C)OC(C)=O)(C)CC1)[C@]2([C@@]1([H])[C@]([H])(CC[C@@H]1OC(C)=O)C(=C1)CC2)[H],
Etidronate,,D,,CC(O)(P(O)(O)=O)P(O)(O)=O,
Etodolac,,D,,CCC(=CC=C1)C2=C1C(CCO1)=C(C1(CC)CC([O-])=O)N2,
Etomidate,,D,,CCOC(C(=CN=C1)N1C(C)C(C=CC=C1)=C1)=O,
Etonogestrel,,D,,[H]C(CCC1=O)(C(=C1)CC1)C(C1([H])C([H])(CC1)C([C@@]1(C#C)O)(CC)C1)(C1=C)[H],
Etoposide,,D,,[H][C@@]([C@H]([C@H]([C@H](O[C@@H]1C(=CC(=C2OC3)O3)C(=C2)[C@H](C(=CC(=C(C2OC)O)OC)C=2)[C@]([H])(C(=O)OC2)[C@]12[H])O1)O)O)([C@]1([H])CO[C@H]1C)O1,
Etretinate,,D,,CCOC(C=C(C)C=CC=C(C)C=CC(C(C)=C1)=C(C(=C1OC)C)C)=O,
Exemestane,,D,,[H][C@@](CC1)([C@]([C@@]([C@@]1(C)C1=O)(CC1)[H])([H])C1)[C@@](C(C1=C)=CC1=O)(C=C1)C,
Ezetimibe,,D,,C(C[C@H](C1=O)[C@@H](N1C(C=CC1F)=CC=1)C(C=CC1O)=CC=1)[C@@H](C(C=CC1F)=CC=1)O,
Famciclovir,,D,,CC(=O)OCC(CCN(C=N1)C2=C1C=NC(N)=N2)COC(C)=O,
Famotidine,,D,,C(CSCC(=CSC1N=C(N)N)N=1)C(N)=NS(N)(=O)=O,
Felbamate,,D,,C(C(COC(N)=O)C(C=CC=C1)=C1)OC(N)=O,
Felodipine,,D,,CCOC(C(C(C(=C(C)N1)C(=O)OC)C(=CC=C2)C(=C2[Cl])[Cl])=C1C)=O,
Felypressin,,D,,C(CCN)CC(C(NCC(N)=O)=O)NC(C(CCC1)N1C(C(CSSCC(C1=O)N)NC(C(NC(C(NC(C(NC(C(N1)CC(C=CC=C1)=C1)=O)CC(C=CC=C1)=C1)=O)CCC(N)=O)=O)CC(N)=O)=O)=O)=O,
Fenfluramine,,D,,CCNC(C)CC(=CC=CC1C(F)(F)F)C=1,
Fenofibrate,,D,,CC(C)OC(C(C)(C)OC(C=CC1C(C(C=CC2[Cl])=CC=2)=O)=CC=1)=O,
Fenoldopam,,D,,C1CNCC(C(C=CC2O)=CC=2)C(=C2)C1=C(C(=C2O)O)[Cl],
Fenoprofen,,D,,CC(C([O-])=O)C(=CC=CC1OC(C=CC=C2)=C2)C=1,
Fentanyl,,D,,CCC(N(C(CCN1CCC(C=CC=C2)=C2)CC1)C(C=CC=C1)=C1)=O,
Fexofenadine,,D,,CC(C)(C([O-])=O)C(C=CC1C(CCCN(CCC2C(C(C=CC=C3)=C3)(C(C=CC=C3)=C3)O)CC2)O)=CC=1,
Finasteride,,D,,[H][C@@](CC1)([C@@]([C@@H]1C(NC(C)(C)C)=O)(C)CC1)[C@@]([C@@]1([H])[C@@]([C@]1([H])N2)(C)C=CC2=O)([H])CC1,
Flavoxate,,D,,CC(=C(C(C=CC=C1)=C1)O1)C(C2C1=C(C=CC=2)C(=O)OCCN(CCCC1)C1)=O,
Flecainide,,D,,C(CCNC1CNC(C(=CC2OCC(F)(F)F)C(=CC=2)OCC(F)(F)F)=O)C1,
Floxuridine,,D,,C([C@@H]([C@H](CO)O1)O)[C@H]1N(C=C(C1=O)F)C(N1)=O,
Flucloxacillin,,D,,[H][C@]([C@H]1NC(C(C(C(C2F)=C(C=CC=2)[Cl])=NO2)=C2C)=O)(N(C1=O)[C@@H](C([O-])=O)C1(C)C)S1,
Fluconazole,,D,,C(C(CN(C=NC1)N=1)(C(C=CC1F)=C(C=1)F)O)N(C=NC1)N=1,
Flucytosine,,D,,C(C(=C(N)NC1=O)F)=N1,
Fludarabine,,D,,C(C(C(C(C1N(C=N2)C(=C2C(N)=NC2F)N=2)O)O)O1)OP(O)(O)=O,
Fludrocortisone,,D,,[H][C@@](CC1)([C@@]([C@]1(C(CO)=O)O)(C)C1)[C@@]2([C@]([C@@H]1O)([C@@](C)(CCC1=O)C(=C1)CC2)F)[H],
Flumazenil,,D,,CCOC(C(=C(C1)N(C(C(C(N1C)=O)=CC1F)=CC=1)C1)N=1)=O,
Flumethasone Pivalate,,D,,[H][C@@](C1)([C@@]([C@]([C@H]1C)(C(COC(C(C)(C)C)=O)=O)O)(C)C1)[C@@]([C@]([C@@H]1O)([C@@](C)(C=CC1=O)C(=C1)[C@@H]1F)F)(C1)[H],
Flunisolide,,D,,[H]C(C1)(C(C(C1([H])O1)(C(CO)=O)OC1(C)C)(C)C1)C(C(C1O)([H])C(C)(C=CC1=O)C(=C1)C1F)(C1)[H],
Fluocinolone Acetonide,,D,,[H][C@@](C1)([C@@]([C@@]([C@]1([H])O1)(C(CO)=O)OC1(C)C)(C)C1)[C@@]([C@]([C@@H]1O)([C@@](C)(C=CC1=O)C(=C1)[C@@H]1F)F)(C1)[H],
Fluocinonide,,D,,[H][C@@](C1)([C@@]([C@@]([C@]1([H])O1)(C(COC(C)=O)=O)OC1(C)C)(C)C1)[C@@]([C@]([C@@H]1O)([C@@](C)(C=CC1=O)C(=C1)[C@@H]1F)F)(C1)[H],
Fluorescein,,D,,C(C=CC(=C1C(=O)O2)C2(C(C=CC2O)=C(C=2)O2)C(C2=CC2O)=CC=2)=C1,
Fluorometholone,,D,,[H]C(CC1)(C(C1(C(C)=O)O)(C)C1)C2(C(C1O)(C(C)(C=CC1=O)C(=C1)C(C)C2)F)[H],
Fluorouracil,,D,,C(=C(C1=O)F)NC(N1)=O,
Fluoxetine,,D,,CNCCC(C(C=CC=C1)=C1)OC(C=CC1C(F)(F)F)=CC=1,
Fluoxymesterone,,D,,[H][C@@](CC1)([C@@]([C@@]1(C)O)(C)C1)[C@@]2([C@]([C@@H]1O)([C@@](C)(CCC1=O)C(=C1)CC2)F)[H],
Flupenthixol,,D,,C(CN(CCN1CCO)CC1)C=C(C(C=CC=C1)=C1S1)C(=C1C=CC1C(F)(F)F)C=1,
Fluphenazine,,D,,C(CN(CCN1CCO)CC1)CN(C(C=CC=C1)=C1S1)C(=C1C=CC1C(F)(F)F)C=1,
Flurandrenolide,,D,,[H][C@@](C1)([C@@]([C@@]([C@]1([H])O1)(C(CO)=O)OC1(C)C)(C)C1)[C@@]([C@@]([C@@H]1O)([H])[C@](C([C@@H]1F)=CC2=O)(CC2)C)([H])C1,
Flurazepam,,D,,CCN(CC)CCN(C1=O)C(C(C(=NC1)C(C=CC=C1)=C1F)=CC1[Cl])=CC=1,
Flurbiprofen,,D,,CC(C([O-])=O)C(C=CC(C(C=CC=C1)=C1)=C1F)=C1,
Flutamide,,D,,CC(C)C(NC(C=CC(=C1C(F)(F)F)[N+]([O-])=O)=C1)=O,
Fluticasone Propionate,,D,,[H][C@@](C1)([C@@]([C@]([C@H]1C)(C(=O)SCF)OC(CC)=O)(C)C1)[C@@]([C@]([C@@H]1O)([C@@](C)(C=CC1=O)C(=C1)[C@@H]1F)F)(C1)[H],
Fluvastatin,,D,,CC(C)N(C(C=C[C@H](C[C@@H](CC([O-])=O)O)O)=C(C(C=CC1F)=CC=1)C1C=CC=C2)C=12,
Fluvoxamine,,D,,COCCCCC(C(C=CC1C(F)(F)F)=CC=1)=NOCCN,
Fomepizole,,D,,CC(C=NN1)=C1,
Fondaparinux sodium,,D,,CO[C@@H]([C@H]([C@H]([C@@H]([C@H]1COS([O-])(=O)=O)O[C@H]([C@H]([C@@H]([C@@H]([C@H]2C([O-])=O)O[C@H]([C@H]([C@H]([C@H]([C@H]3COS([O-])(=O)=O)O[C@H]([C@H]([C@H]([C@@H]([C@@H]4C([O-])=O)O[C@H]([C@H]([C@H]([C@@H]([C@H]5COS([O-])(=O)=O)O)O)NS([O-])(=O)=O)O5)O)O)O4)OS([O-])(=O)=O)NS([O-])(=O)=O)O3)O)OS([O-])(=O)=O)O2)O)NS([O-])(=O)=O)O1,
Formoterol,,D,,CC(CC(C=CC1OC)=CC=1)NCC(C(C=CC(=C1NC=O)O)=C1)O,
Foscarnet,,D,,C([O-])(=O)P(O)(O)=O,
Fosfomycin,,D,,C[C@@H]([C@H]1P(O)(O)=O)O1,
Fosinopril,,D,,CCC(=O)OC(C(C)C)OP(CCCCC(C=CC=C1)=C1)(CC(N(C[C@@H]1C(CCCC2)C2)[C@@H](C1)C([O-])=O)=O)=O,
Framycetin,,D,,C1[C@@H]([C@H]([C@H]([C@@H]([C@H]1N)O)O[C@@H]([C@H]([C@@H]([C@H]1CO)O[C@H]([C@H]([C@H]([C@@H]([C@@H]2CN)O)O)N)O2)O)O1)O[C@H]([C@H]([C@H]([C@@H]([C@H]1CN)O)O)N)O1)N,
Frovatriptan,,D,,CN[C@H](CCC(=C1C(C=C2C(N)=O)=C3C=C2)N3)C1,
Fulvestrant,,D,,[H][C@@](CC1)([C@@]([C@@]([C@@]1(C)[C@@H]1O)(CC1)[H])([H])[C@H](CCCCCCCCCS(CCCC(C(F)(F)F)(F)F)=O)C1)C(C1=CC1O)=CC=1,
Furazolidone,,D,,C1COC(N1N=CC(=CC=C1[N+]([O-])=O)O1)=O,
Furosemide,,D,,C(C(=CC=C1)O1)NC(=CC(=C1S(N)(=O)=O)[Cl])C(=C1)C([O-])=O,
Gabapentin,,D,,C(CCC1(CC([O-])=O)CN)CC1,
Gadobenate Dimeglumine,,D,,C(CN(CC([O-])=O)CC(O)=O)N(CCN(CC([O-])=O)C(COCC(C=CC=C1)=C1)C(O)=O)CC([O-])=O,
Gadoteridol,,D,,CC(CN(CCN1CC([O-])=O)CCN(CCN(CC1)CC([O-])=O)CC([O-])=O)O,
Gadoversetamide,,D,,COCCNC(CN(CCN(CCN(CC(NCCOC)=O)CC([O-])=O)CC([O-])=O)CC([O-])=O)=O,
Galantamine,,D,,[H][C@@](C[C@H]1O)([C@@](C=C1)(CCN(C)C1)C(=C1C=C1)C2=C1OC)O2,
Gallamine Triethiodide,,D,,CC[N+](CC)(CC)CCOC(=CC=C1)C(=C1OCC[N+](CC)(CC)CC)OCC[N+](CC)(CC)CC,
Ganciclovir,,D,,C(C(CO)OCN(C=N1)C(=C1C1=O)NC(=N1)N)O,
Ganirelix,,D,,CCNC(NCCCC[C@@H](C(N(CCC1)[C@@H]1C(N[C@H](C)C(N)=O)=O)=O)NC([C@@H](CC(C)C)NC([C@H](CCCCNC(NCC)=NCC)NC([C@@H](CC(C=CC1O)=CC=1)NC([C@@H](CO)NC([C@H](CC(C=CC=N1)=C1)NC([C@H](CC(C=CC1[Cl])=CC=1)NC([C@H](CC(C=CC(C=CC=C1)=C11)=C1)NC(C)=O)=O)=O)=O)=O)=O)=O)=O)=NCC,
Gatifloxacin,,D,,CC(CN1C(C2F)=C(C(=C(C=2)C(C2C([O-])=O)=O)N(C=2)C(C2)C2)OC)NCC1,
Gefitinib,,D,,COC(=CC(C1=C(NC(C=CC(=C2[Cl])F)=C2)N=C2)=N2)C(=C1)OCCCN(CCOC1)C1,
Gemcitabine,,D,,C([C@H]([C@H](C([C@H]1N(C=CC(N)=N2)C2=O)(F)F)O)O1)O,
Gemfibrozil,,D,,CC(C=CC(C)=C1OCCCC(C)(C)C([O-])=O)=C1,
Gemifloxacin,,D,,C(C1)C1N(C1)C(C(C(C=1C([O-])=O)=O)=CC(=C1N(CC(CN)C2=NOC)C2)F)=N1,
Gentamicin,,D,,CC(C(CCC(C1OC(C2N)C(C(C(C2)N)OC(C(C(C2(C)O)NC)O)OC2)O)N)O1)NC,
Gentian Violet,,D,,CN(C)C(C=CC1C(=C(C=CC2=[N+](C)C)C=C2)C(C=CC2N(C)C)=CC=2)=CC=1,
Gliclazide,,D,,[H]C(CCC1)(C1([H])CN1NC(NS(C(C=CC(C)=C2)=C2)(=O)=O)=O)C1,
Glimepiride,,D,,CCC(=C(C)C1)C(N1C(NCCC(C=CC1S(NC(NC(CCC(C)C2)C2)=O)(=O)=O)=CC=1)=O)=O,
Glipizide,,D,,CC(C=CC(C(NCCC(C=CC1S(NC(NC(CCCC2)C2)=O)(=O)=O)=CC=1)=O)=N1)=C1,
Glyburide,,D,,COC(C=CC1[Cl])=C(C=1)C(NCCC(C=CC1S(NC(NC(CCCC2)C2)=O)(=O)=O)=CC=1)=O,
Glycopyrrolate,,D,,CN(=C)(CCC1OC(C(C(CCC2)C2)(C(C=CC=C2)=C2)O)=O)C1,
Gonadorelin,,D,,CC(C)CC(C(NC(CCCN=C(N)N)C(N(CCC1)C1C(NCC(N)=O)=O)=O)=O)NC(CNC(C(CC(C=CC1O)=CC=1)NC(C(CO)NC(C(CC(=CN1)C2=C1C=CC=C2)NC(C(CC(=CN=C1)N1)NC(C(CCC1=O)N1)=O)=O)=O)=O)=O)=O,
Goserelin,,D,,CC(C)CC(C(NC(CCCNC(N)=N)C(N(CCC1)C1C(NNC(N)=O)=O)=O)=O)NC(C(COC(C)(C)C)NC(C(CC(C=CC1O)=CC=1)NC(C(CO)NC(C(CC(=CN1)C2=C1C=CC=C2)NC(C(CC(C=NC1)N=1)NC(C(CCC1=O)N1)=O)=O)=O)=O)=O)=O,
Gramicidin D,,D,,CC(C)C[C@H](C(N[C@@H](C)C(N[C@H](C(C)C)C(N[C@@H](C(C)C)C(N[C@H](C(C)C)C(N[C@@H](CC(=CN1)C2=C1C=CC=C2)C(N[C@H](CC(C)C)C(N[C@@H](CC(=CN1)C2=C1C=CC=C2)C(N[C@H](CC(C)C)C(N[C@@H](CC(=CN1)C2=C1C=CC=C2)C(N[C@H](CC(C)C)C(N[C@@H](CC(=CN1)C2=C1C=CC=C2)C(NCCO)=O)=O)=O)=O)=O)=O)=O)=O)=O)=O)=O)=O)NC([C@@H](C)NC(CNC([C@@H](C(C)C)NC=O)=O)=O)=O,
Granisetron,,D,,[H]C(CCC1)(CC(C2)NC(C(C(C=CC=C3)=C3N3C)=N3)=O)N(C12[H])C,
Grepafloxacin,,D,,CC(CN1C(=C2)C(=C(C(=C2N(C2)C(C3)C3)C(C=2C([O-])=O)=O)C)F)NCC1,
Griseofulvin,,D,,C[C@H](CC1=O)[C@@](C(=C1)OC)(C(C(C1OC)=C2C(=C(C=1)OC)[Cl])=O)O2,
Guaifenesin,,D,,COC(C=CC=C1)=C1OCC(CO)O,
Guanabenz,,D,,C(C(C1[Cl])=C(C=CC=1)[Cl])=NN=C(N)N,
Guanadrel Sulfate,,D,,C(CCC1(OCC2CN=C(N)N)O2)CC1,
Guanethidine,,D,,C(CCCN1CCN=C(N)N)CCC1,
Guanfacine,,D,,C(C(N=C(N)N)=O)C(C1[Cl])=C(C=CC=1)[Cl],
Guanidine,,D,,NC(N)=N,
Halazepam,,D,,C(C(N(CC(F)(F)F)C(C=CC1[Cl])=C(C=1)C1C(C=CC=C2)=C2)=O)N=1,
Halobetasol Propionate,,D,,[H]C(C1)(C([C@]([C@@H]1C)(C(C[Cl])=O)OC(CC)=O)(C)C1)C([C@](C1O)(C(C)(C=CC1=O)C(=C1)[C@@H]1F)F)(C1)[H],
Halofantrine,,D,,CCCCN(CCCC)CCC(C(=C1)C(C(C(=C1C1[Cl])C=C(C=1)[Cl])=CC1C(F)(F)F)=CC=1)O,
Haloperidol,,D,,C(CC(C(C=CC1F)=CC=1)=O)CN(CCC1(C(C=CC2[Cl])=CC=2)O)CC1,
Haloprogin,,D,,C(C#CI)OC(=CC(=C1[Cl])[Cl])C(=C1)[Cl],
Halothane,,D,,C(C(F)(F)F)([Cl])[Br],
Heparin,,D,,CC(NC(C(C(C(COS(O)(=O)=O)O1)OC(C(C(C(C2C([O-])=O)OC(C(C(C(C3CO)OC(C(C(C(C4C([O-])=O)O)O)OS(O)(=O)=O)O4)OS(O)(=O)=O)NS(O)(=O)=O)O3)O)OS(O)(=O)=O)O2)O)C1O)=O,
Hesperetin,,D,,COC(C=CC1C(CC(C(C2O)=C3C=C(C=2)O)=O)O3)=C(C=1)O,
Hetacillin,,D,,CC(C)(N1)N(C([C@H]1C(C=CC=C1)=C1)=O)[C@H](C1=O)[C@]2(N1[C@@H](C([O-])=O)C(C)(C)S2)[H],
Hexachlorophene,,D,,C(C(=C(C1[Cl])O)C(=C(C=1)[Cl])[Cl])C(=C(C1[Cl])O)C(=C(C=1)[Cl])[Cl],
Hexafluorenium Bromide,,D,,C[N+](C)(CCCCCC[N+](C)(C)C(C(C=CC=C1)=C1C1C=CC=C2)C=12)C(C(C=CC=C1)=C1C1C=CC=C2)C=12,
Hexylcaine,,D,,CC(CNC(CCCC1)C1)OC(C(C=CC=C1)=C1)=O,
Histamine Phosphate,,D,,C(CN)C(=CN=C1)N1,
Homatropine Methylbromide,,D,,[H][C@@](CC1)(CC(C2)OC(C(C(C=CC=C3)=C3)O)=O)[N+]([C@]12[H])(C)C,
Hydrochlorothiazide,,D,,C(NC(=CC(=C1S(N)(=O)=O)[Cl])C(=C1)S1(=O)=O)N1,
Hydrocodone,,D,,[H][C@@](C1)(N(CC2)C)[C@]([C@@]2(C(=C1C=C1)C(=C1OC)O1)[C@]1(C1=O)[H])([H])CC1,
Hydrocortamate,,D,,[H]C(CC1)(C(C1(C(COC(CN(CC)CC)=O)=O)O)(C)C1)C2(C(C1O)([H])C(C)(CCC1=O)C(=C1)CC2)[H],
Hydrocortisone,,D,,[H][C@@](CC1)([C@@]([C@]1(C(CO)=O)O)(C)C1)[C@@]([C@@]([C@@H]1O)([H])[C@](C1=CC2=O)(CC2)C)([H])CC1,
Hydroflumethiazide,,D,,C(NC(=CC(=C1S(N)(=O)=O)C(F)(F)F)C(=C1)S1(=O)=O)N1,
Hydromorphone,,D,,[H][C@@](C1)(N(CC2)C)[C@]([C@@]2(C(=C1C=C1)C(=C1O)O1)[C@]1(C1=O)[H])([H])CC1,
Hydroxocobalamin,,D,,CC(CNC(CC[C@](C)(C(=C(C)C([C@@H](CCC(N)=O)C(C)(C)C12)=N2)N2)[C@H](C2[C@]2([C@@]([C@@H](C(C(=C3[C@@](C(C(C=1)=N3)CCC(N)=O)(C)CC(N)=O)C)=N2)CCC(N)=O)(C)CC(N)=O)C)CC(N)=O)=O)OP([O-])(=O)O[C@@H]([C@H]([C@@H](N(C=N1)C2=C1C=C(C)C(C)=C2)O1)O)[C@H]1CO,
Hydroxypropyl Cellulose,,D,,C(CO)COC[C@H]([C@H]([C@H]([C@H](C1*)OCCCO)OCCCO)O*)O1,
Hydroxystilbamidine Isethionate,,D,,C(=CC(C=CC1C(N)=N)=C(C=1)O)C(C=CC1C(N)=N)=CC=1,
Hydroxyurea,,D,,C(N)(NO)=O,
Hydroxyzine,,D,,C(CN1C(C(C=CC=C2)=C2)C(C=CC2[Cl])=CC=2)N(CC1)CCOCCO,
Hyoscyamine,,D,,[H]C(CC1)(CC(C2)OC([C@@H](CO)C(C=CC=C3)=C3)=O)N(C12[H])C,
Ibandronate,,D,,CCCCCN(C)CCC(O)(P(O)(O)=O)P(O)(O)=O,
Ibuprofen,,D,,CC(C)CC(C=CC1C(C)C([O-])=O)=CC=1,
Ibutilide Fumarate,,D,,CCCCCCCN(CC)CCCC(C(C=CC1NS(C)(=O)=O)=CC=1)O,
Idarubicin,,D,,CC([C@@]1(C[C@@H](C2=C(C1)C(=C(C(=C2O)C1=O)C(C2=C1C=CC=C2)=O)O)O[C@H](C[C@@H]([C@@H]([C@@H]1C)O)N)O1)O)=O,
Idoxuridine,,D,,C(C(C(CO)O1)O)C1N(C=C(C1=O)I)C(N1)=O,
Ifosfamide,,D,,C(CN(CC[Cl])P(NCC[Cl])(=O)O1)C1,
Iloprost,,D,,CC#CCC(C)[C@@H](C=CC([C@@H](CC1=CCCCC(O)=O)[C@@H](C1)C1)[C@H]1O)O,
Imatinib,,D,,CC(C=CC1NC(C(C=CC(CN(CCN(C)C2)C2)=C2)=C2)=O)=C(C=1)NC(=NC=CC1C(C=CC=N2)=C2)N=1,
Imipramine,,D,,CN(C)CCCN(C(C=CC=C1)=C1CC1)C2=C1C=CC=C2,
Imiquimod,,D,,CC(C)CN(C=N1)C(=C1C(N)=N1)C2=C1C=CC=C2,
Indapamide,,D,,CC(C1)N(C2=C1C=CC=C2)NC(C(C=CC(=C1S(N)(=O)=O)[Cl])=C1)=O,
Indecainide,,D,,CC(C)NCCCC(C(N)=O)(C(C=CC=C1)=C1C1C=CC=C2)C=12,
Indinavir,,D,,CC(C)(C)NC([C@@H](CN1CC(C=CC=N2)=C2)N(CC1)C[C@@H](C[C@@H](CC(C=CC=C1)=C1)C(N[C@@H](C(C=CC=C1)=C1C1)[C@H]1O)=O)O)=O,
Indomethacin,,D,,CC(=C(CC([O-])=O)C(C=C1OC)=C2C=C1)N2C(C(C=CC1[Cl])=CC=1)=O,
Inulin,,D,,C([C@H]([C@@H]([C@@H]([C@@]1(CO[C@](CO*)([C@@H]([C@@H]([C@H]2CO)O)O)O2)O*)O)O)O1)O,
Iophendylate,,D,,CCOC(CCCCCCCCC(C)C(C=CC=C1)=C1I)=O,
Ipratropium,,D,,[H][C@](CC1)(CC(C2)OC(C(CO)C(C=CC=C3)=C3)=O)[N+]([C@]12[H])(C)C(C)C,
Irbesartan,,D,,CCCCC(=N1)N(C(C11CCCC1)=O)CC(C=CC1C(C=CC=C2)=C2C(N=NN2)=N2)=CC=1,
Irinotecan,,D,,CCC(=C(C1)C(C2N1C(C1=C(C=2)[C@@](C(OC1)=O)(CC)O)=O)=N1)C(=C1C=CC1OC(N(CCC2N(CCCC3)C3)CC2)=O)C=1,
Isocarboxazid,,D,,CC(=CC(C(NNCC(C=CC=C1)=C1)=O)=N1)O1,
Isoetharine,,D,,CCC(C(C(C=CC(=C1O)O)=C1)O)NC(C)C,
Isoflurane,,D,,C(F)(OC(C(F)(F)F)[Cl])F,
Isoflurophate,,D,,CC(C)OP(=O)(OC(C)C)F,
Isoniazid,,D,,C(C=NC=C1)=C1C(NN)=O,
Isoproterenol,,D,,CC(C)NCC(C(C=CC(=C1O)O)=C1)O,
Isosorbide Dinitrate,,D,,[H][C@@]([C@@H]1O[N+]([O-])=O)([C@@](OC1)([H])[C@H]1O[N+]([O-])=O)OC1,
Isosorbide Mononitrate,,D,,[H][C@@]([C@H]1O[N+]([O-])=O)([C@](OC1)([H])[C@@H]1O)OC1,
Isotretinoin,,D,,CC(C=CC(=C(C)CCC1)C1(C)C)=CC=CC(C)=CC([O-])=O,
Isradipine,,D,,CC(C)OC(C(C(C(=C(C)N1)C(=O)OC)C(=CC=C2)C(C2=N2)=NO2)=C1C)=O,
Itraconazole,,D,,CCC(C)N(C(N1C(C=CC2N(CCN3C(C=CC4OC[C@@H](CO[C@]5(CN(C=NC6)N=6)C(C=CC6[Cl])=C(C=6)[Cl])O5)=CC=4)CC3)=CC=2)=O)N=C1,
Ivermectin,,D,,[H][C@@](C)(CC=C(C)[C@@H]([C@@H](C)C=CC=C(CO1)[C@@]([C@]1([H])[C@H](C(C)=C1)O)([C@]1([H])C(=O)O[C@@H](C)C[C@@]12OC[C@@H](CC1)C)O)O[C@H](C[C@@H]([C@@H]([C@@H]1C)O[C@@H](C[C@@H]([C@@H]([C@@H]3C)O)OC)O3)OC)O1)O2,
Kanamycin,,D,,C1[C@@H]([C@H]([C@H]([C@@H]([C@H]1N)O[C@@H]([C@H]([C@@H]([C@@H]([C@H]1CO)O)N)O)O1)O)O[C@H]([C@H]([C@@H]([C@@H]([C@H]1CN)O)O)O)O1)N,
Ketamine,,D,,CNC1(C(CCCC1)=O)C(C=CC=C1)=C1[Cl],
Ketoconazole,,D,,CC(N(CCN1C(C=CC2OC[C@H](CO[C@@]3(CN(C=CN4)C=4)C(C=CC4[Cl])=C(C=4)[Cl])O3)=CC=2)CC1)=O,
Ketoprofen,,D,,CC(C([O-])=O)C(=CC=CC1C(C(C=CC=C2)=C2)=O)C=1,
Ketorolac,,D,,C1CN(C2C1C([O-])=O)C(=CC=2)C(C(C=CC=C1)=C1)=O,
Ketotifen Fumarate,,D,,C(CN(C)CC1)C1=C(C(C=CC=C1)=C1C1)C(=C(C1=O)S1)C=C1,
L-Norgestrel,,D,,[H][C@@](CC1)([C@@]([C@@]1(C#C)O)(CC)CC1)[C@]2([C@@]1([H])[C@]([H])(CCC1=O)C(=C1)CC2)[H],
Labetalol,,D,,CC(CCC(C=CC=C1)=C1)NCC(C(C=CC(=C1C(N)=O)O)=C1)O,
Lactulose,,D,,C([C@H]([C@@H]([C@@H]([C@]1(CO)O)O)O[C@@H]([C@H]([C@@H]([C@H]([C@H]2CO)O)O)O)O2)O1)O,
Lamivudine,,D,,C([C@H](O[C@@H]1N(C=CC(N)=N2)C2=O)SC1)O,
Lamotrigine,,D,,C(=CC(=C(C1[Cl])[Cl])C(C(N)=NC(N)=N2)=N2)C=1,
Lansoprazole,,D,,CC(C1OCC(F)(F)F)=C(N=CC=1)CS(C(=NC(C=CC=C1)=C11)N1)=O,
Latanoprost,,D,,CC(C)OC(CCCC=CC[C@H]([C@@H]1O)[C@H]([C@H](C1)O)CC[C@H](CCC(C=CC=C1)=C1)O)=O,
Leflunomide,,D,,CC(=C1C(NC(C=CC2C(F)(F)F)=CC=2)=O)ON=C1,
Lenalidomide,,D,,C(CC1=O)C(C(N1)=O)N(C1)C(C2C1=C(C=CC=2)N)=O,
Lercanidipine,,D,,CC(=C(C(C(=C1C)C(=O)OC(C)(C)CN(C)CCC(C(C=CC=C2)=C2)C(C=CC=C2)=C2)C(=CC=CC2[N+]([O-])=O)C=2)C(=O)OC)N1,
Letrozole,,D,,C(C(C=CC1C(C(C=CC(C#N)=C2)=C2)N(C=NC2)N=2)=CC=1)#N,
Leucovorin,,D,,C(C[C@@H](C([O-])=O)NC(C(C=CC1NCC(CN2)N(C(=C2NC(=N2)N)C2=O)C=O)=CC=1)=O)C([O-])=O,
Leuprolide,,D,,CCNC([C@@H](CCC1)N1C([C@@H](CCCNC(N)=N)NC([C@@H](CC(C)C)NC([C@H](CC(C)C)NC([C@@H](CC(C=CC1O)=CC=1)NC([C@@H](CO)NC([C@@H](CC(=CN1)C2=C1C=CC=C2)NC([C@@H](CC(=CN=C1)N1)NC([C@@H](CCC1=O)N1)=O)=O)=O)=O)=O)=O)=O)=O)=O,
Levallorphan,,D,,[H][C@](CCCC1)([C@]1(CC1)C(=C2C=CC3O)C=3)[C@](N1CC=C)([H])C2,
Levamisole,,D,,C1CSC(=N[C@@H]2C(C=CC=C3)=C3)N1C2,
Levetiracetam,,D,,CC[C@H](C(N)=O)N(CCC1)C1=O,
Levobunolol,,D,,CC(C)(C)NC[C@@H](COC(=CC=C1)C(=C1C1=O)CCC1)O,
Levobupivacaine,,D,,CCCCN(CCCC1)[C@@H]1C(NC(C(C)=CC=C1)=C1C)=O,
Levocabastine,,D,,C(CC1(C#N)C(C=CC2F)=CC=2)C(CC1)N(CC[C@](C([O-])=O)(C(C=CC=C1)=C1)[C@@H]1C)C1,
Levocarnitine,,D,,C[N+](C)(C)C[C@H](CC(O)=O)O,
Levodopa,,D,,C(C(C([O-])=O)N)C(C=CC(=C1O)O)=C1,
Levofloxacin,,D,,CC(CO1)N(C(=C1C(=C(C1)F)N(CCN(C)C2)C2)C=1C(C1C([O-])=O)=O)C=1,
Levomethadyl Acetate,,D,,CC[C@@H](C(C[C@@H](C)N(C)C)(C(C=CC=C1)=C1)C(C=CC=C1)=C1)OC(C)=O,
Levorphanol,,D,,[H][C@@](C1)([C@]([C@]2(C(=C1C=CC1O)C=1)CC1)(CCCC2)[H])N1C,
Levosimendan,,D,,C[C@H](CC1=O)C(=NN1)C(C=CC1NN=C(C#N)C#N)=CC=1,
Levothyroxine,,D,,C(C(C([O-])=O)N)C(=CC(=C(C1I)OC(=CC(=C(C2I)O)I)C=2)I)C=1,
Lidocaine,,D,,CCN(CC)CC(NC(C(C)=CC=C1)=C1C)=O,
Lindane,,D,,C1(C(C(C(C(C1[Cl])[Cl])[Cl])[Cl])[Cl])[Cl],
Linezolid,,D,,CC(NC[C@@H](CN(C1=O)C(C=CC(=C2F)N(CCOC3)C3)=C2)O1)=O,
Liothyronine,,D,,C(C(=CC(=C(C1I)OC(C=CC(=C2I)O)=C2)I)C=1)[C@@H](C([O-])=O)N,
Lisinopril,,D,,C(CCN)C[C@@H](C(N(CCC1)[C@@H]1C([O-])=O)=O)N[C@H](CCC(C=CC=C1)=C1)C([O-])=O,
Lisuride,,D,,CCN(CC)C(N[C@@H](CN(C)[C@]([H])(C1)C2C3C(C1=CN1)=C1C=CC=3)C=2)=O,
Lomefloxacin,,D,,CCN(C1)C(C(C(C=1C([O-])=O)=O)=C1)=C(C(=C1F)N(CCNC1C)C1)F,
Lomustine,,D,,C(CCC1NC(N(CC[Cl])N=O)=O)CC1,
Loperamide,,D,,CN(C)C(C(CCN(CCC1(C(C=CC2[Cl])=CC=2)O)CC1)(C(C=CC=C1)=C1)C(C=CC=C1)=C1)=O,
Loracarbef,,D,,[H]C(CC1)(N(C(=C1[Cl])C([O-])=O)C1=O)C1NC(C(C(C=CC=C1)=C1)N)=O,
Loratadine,,D,,CCOC(N(CCC1=C(C(C=CC2[Cl])=C(C=2)CC2)C3=C2C=CC=N3)CC1)=O,
Lorazepam,,D,,C(C=CC(=C1C(C(=CC2[Cl])C(=CC=2)NC(C2O)=O)=N2)[Cl])=C1,
Losartan,,D,,CCCCC(=N1)N(C(=C1[Cl])CO)CC(C=CC1C(C=CC=C2)=C2C(N=NN2)=N2)=CC=1,
Loteprednol Etabonate,,D,,[H][C@@](CC1)([C@@]([C@]1(C(=O)OC[Cl])OC(=O)OCC)(C)C1)[C@@]([C@@]([C@@H]1O)([H])[C@](C1=CC2=O)(C=C2)C)([H])CC1,
Lovastatin,,D,,[H][C@](C1=C[C@H](C)C2)([C@@H]([C@H](C=C1)C)CC[C@H](C[C@H]1O)OC(C1)=O)[C@@H]2OC([C@@H](C)CC)=O,
Loxapine,,D,,CN(CCN1C(C(=CC2[Cl])C(=CC=2)OC(C=CC=C2)=C22)=N2)CC1,
Lubiprostone,,D,,[H][C@](CC[C@](C(CCCC)(F)F)(O)O1)([C@]1([H])C1)[C@@H](C1=O)CCCCCCC([O-])=O,
Lymecycline,,D,,[H][C@@](C1)(C(C([C@@]([C@@]1([H])[C@@H]1N(C)C)(C(C(C1=O)=C(N)O)=O)O)=O)=C1O)[C@@](C(C1=C1O)=C(C=C1)[Cl])(C)O,
Magnesium Sulfate,,D,,OS(O)(=O)=O,
Malathion,,D,,CCOC(CC(C(=O)OCC)SP(OC)(OC)=S)=O,
Mannitol,,D,,C(C(C(C(C(CO)O)O)O)O)O,
Maprotiline,,D,,CNCCCC1(CC2)C3=C(C2C(C=CC=C2)=C12)C=CC=C3,
Marimastat,,D,,CC(C)C[C@H](C(N[C@@H](C(NC)=O)C(C)(C)C)=O)[C@@H](C(NO)=O)O,
Marinol,,D,,[H]C(C=C(C)CC1)(C1([H])C(C)(C)O1)C(C1=CC(CCCCC)=C1)=C1O,
Masoprocol,,D,,C[C@@H](CC(C=CC(=C1O)O)=C1)[C@H](C)CC(C=CC(=C1O)O)=C1,
Mazindol,,D,,C(CN(C12)C(C3=C1C=CC=C3)(C(C=CC1[Cl])=CC=1)O)N=2,
Mebendazole,,D,,COC(NC(=NC(C=CC1C(C(C=CC=C2)=C2)=O)=C2C=1)N2)=O,
Mecamylamine,,D,,[H]C(CC1)(C2)C(C(C12[H])(C)NC)(C)C,
Mechlorethamine,,D,,CN(CC[Cl])CC[Cl],
Meclizine,,D,,CC(=CC=CC1CN(CCN2C(C(C=CC=C3)=C3)C(C=CC3[Cl])=CC=3)CC2)C=1,
Meclofenamate,,D,,CC(C=C1)=C(C(=C1[Cl])NC(C=CC=C1)=C1C([O-])=O)[Cl],
Medroxyprogesterone,,D,,[H][C@@](CC1)([C@@]([C@]1(C(C)=O)O)(C)CC1)[C@]2([C@@]1([H])[C@](C)(CCC1=O)C(=C1)[C@@H](C)C2)[H],
Medrysone,,D,,[H][C@@](CC1)([C@@]([C@@H]1C(C)=O)(C)C1)[C@@]([C@@]([C@@H]1O)([H])[C@](C([C@@H]1C)=CC2=O)(CC2)C)([H])C1,
Mefenamic acid,,D,,CC(=CC=C1)C(=C1NC(C=CC=C1)=C1C([O-])=O)C,
Mefloquine,,D,,C(CCNC1C(C(=CC(C(F)(F)F)=N2)C(=C2C2C(F)(F)F)C=CC=2)O)C1,
Megestrol,,D,,[H][C@@](CC1)([C@@]([C@]1(C(C)=O)O)(C)CC1)[C@]2([C@@]1([H])[C@](C)(CCC1=O)C(=C1)C(C)=C2)[H],
Melatonin,,D,,CC(NCCC(=CN1)C(=C1C=CC1OC)C=1)=O,
Meloxicam,,D,,CC(=CN=C1NC(=C(C2=O)N(S(C3=C2C=CC=C3)(=O)=O)C)O)S1,
Melphalan,,D,,C(C(C([O-])=O)N)C(C=CC1N(CC[Cl])CC[Cl])=CC=1,
Memantine,,D,,CC(CC(CC1(C)CC23N)C2)(C1)C3,
Menthol,,D,,CC(C)[C@@H](CC[C@H](C)C1)[C@H]1O,
Meperidine,,D,,CCOC(C1(CCN(CC1)C)C(C=CC=C1)=C1)=O,
Mephenytoin,,D,,CCC(C(N(C)C1=O)=O)(N1)C(C=CC=C1)=C1,
Mepivacaine,,D,,CC(=CC=C1)C(=C1C)NC(C(CCCC1)N1C)=O,
Meprobamate,,D,,CCCC(C)(COC(N)=O)COC(N)=O,
Mequitazine,,D,,C(CN(CC1)C2)C1C2CN(C(C=CC=C1)=C1S1)C2=C1C=CC=C2,
Mercaptopurine,,D,,C(NC(C(=C1N=C2)N2)=S)=N1,
Meropenem,,D,,[H][C@@]([C@@H]1[C@H](C)O)(N(C1=O)C1C([O-])=O)[C@H](C=1S[C@@H](CC[C@@H]1C(N(C)C)=O)N1)C,
Mesalamine,,D,,C(=CC(=C1C([O-])=O)O)C(=C1)N,
Mesoridazine,,D,,CN(CCCC1)C1CCN(C(C=CC=C1)=C1S1)C(=C1C=CC1S(C)=O)C=1,
Metaproterenol,,D,,CC(C)NCC(C(=CC1O)C=C(C=1)O)O,
Metaraminol,,D,,CC(C(C(=CC=CC1O)C=1)O)N,
Metaxalone,,D,,CC(=CC(C)=CC1OCC(CNC2=O)O2)C=1,
Metformin,,D,,CN(C)C(=N)N=C(N)N,
Methacycline,,D,,[H][C@](C(=C)C(=CC=C1)C(=C1O)C1O)(C=1C1=O)[C@@H]([C@]([C@@]11O)([C@@H](C(C(C1=O)=C(N)O)=O)N(C)C)[H])O,
Methadone,,D,,CCC(C(CC(C)N(C)C)(C(C=CC=C1)=C1)C(C=CC=C1)=C1)=O,
Methantheline,,D,,CC[N+](C)(CC)CCOC(C(C(C=CC=C1)=C1O1)C2=C1C=CC=C2)=O,
Metharbital,,D,,CCC(CC)(C1=O)C(N(C(N1)=O)C)=O,
Methazolamide,,D,,CC(N=C(N(C)N=C1S(N)(=O)=O)S1)=O,
Methdilazine,,D,,CN(CCC1CN(C(C=CC=C2)=C2S2)C3=C2C=CC=C3)C1,
Methimazole,,D,,CN(C=CN1)C=1S,
Methocarbamol,,D,,COC(C=CC=C1)=C1OCC(COC(N)=O)O,
Methohexital,,D,,CCC#CC(C)C(CC=C)(C1=O)C(N(C(N1)=O)C)=O,
Methotrexate,,D,,CN(CC(C=NC(=C1C(N)=NC2N)N=2)=N1)C(C=CC1C(N[C@@H](CCC([O-])=O)C([O-])=O)=O)=CC=1,
Methoxamine,,D,,CC(C(C(=CC1OC)C(=CC=1)OC)O)N,
Methoxsalen,,D,,COC(=C(C1=C2)OC(C=C1)=O)C1=C2C=CO1,
Methoxyflurane,,D,,COC(C([Cl])[Cl])(F)F,
Methscopolamine bromide,,D,,[H]C(CC1OC(C(CO)C(C=CC=C2)=C2)=O)(C2(C(C3(C1)[H])([H])O2)[H])[N+]3(C)C,
Methyclothiazide,,D,,CN(C(C[Cl])N1)S(C(C1=CC(=C1S(N)(=O)=O)[Cl])=C1)(=O)=O,
Methyl aminolevulinate,,D,,COC(CCC(CN)=O)=O,
Methyldopa,,D,,C[C@@](CC(C=CC(=C1O)O)=C1)(C([O-])=O)N,
Methylergonovine,,D,,[H]C(C1)(C(C2C(C1=CN1)=C1C=CC=2)=CC1C(NC(CC)CO)=O)N(C1)C,
Methylphenidate,,D,,COC(C(C(CCCC1)N1)C(C=CC=C1)=C1)=O,
Methylprednisolone,,D,,[H][C@@](CC1)([C@@]([C@]1(C(CO)=O)O)(C)C1)[C@@]([C@@]([C@@H]1O)([H])[C@](C([C@@H]1C)=CC2=O)(C=C2)C)([H])C1,
Methyprylon,,D,,CCC(CC)(C(C(C)CN1)=O)C1=O,
Methysergide,,D,,[H][C@](C1)(C(C2C(C1=C1)=C(N1C)C=CC=2)=C[C@H]1C(N[C@@H](CC)CO)=O)N(C1)C,
Metipranolol,,D,,CC(C)NCC(COC(=C1)C(=C(C(=C1C)OC(C)=O)C)C)O,
Metixene,,D,,CN(CCCC1CC(C(C=CC=C2)=C2S2)C3=C2C=CC=C3)C1,
Metoclopramide,,D,,CCN(CC)CCNC(C(=CC(=C1N)[Cl])C(=C1)OC)=O,
Metocurine Iodide,,D,,[H]C(CC(C=CC1OC(=C(C2=C3)C([N+](CC2)(C)C)([H])CC(C=CC(=C2OC(=C4)C5OC)OC)=C2)C(=C3OC)OC)=CC=1)(C4=C1C=5)[N+](CC1)(C)C,
Metolazone,,D,,CC(N1)N(C(C(C1=CC(=C1S(N)(=O)=O)[Cl])=C1)=O)C(C=CC=C1)=C1C,
Metoprolol,,D,,CC(C)NCC(COC(C=CC(CCOC)=C1)=C1)O,
Metronidazole,,D,,CC(=NC1)N(C=1[N+]([O-])=O)CCO,
Metyrapone,,D,,CC(C)(C(C(C=CC=N1)=C1)=O)C(C=CC=N1)=C1,
Metyrosine,,D,,C[C@@](CC(C=CC1O)=CC=1)(C([O-])=O)N,
Mexiletine,,D,,CC(COC(C(C)=CC=C1)=C1C)N,
Mezlocillin,,D,,CC(C)([C@@H](C([O-])=O)N(C1=O)[C@]2([C@H]1NC([C@H](C(C=CC=C1)=C1)NC(N(CC1)C(N1S(C)(=O)=O)=O)=O)=O)[H])S2,
Micafungin,,D,,[H]C(CC1O)(N(C1)C(C(C(C)O)NC(C1NC(C(C=CC2C(C=C(C(C=CC3OCCCCC)=CC=3)O3)=N3)=CC=2)=O)=O)=O)C(NC(C(NC(C(N2C(C(NC(C(C1)O)O)=O)([H])C(C(C)C2)O)=O)C(CC(N)=O)O)=O)C(C(C(C=CC(=C1OS(O)(=O)=O)O)=C1)O)O)=O,
Miconazole,,D,,C(C(C(C=CC1[Cl])=C(C=1)[Cl])OCC(C=CC1[Cl])=C(C=1)[Cl])N(C=CN1)C=1,
Midazolam,,D,,CC(=NC1)N(C=1CN1)C(C(C=1C(C=CC=C1)=C1F)=CC1[Cl])=CC=1,
Midodrine,,D,,COC(C=CC(=C1C(CNC(CN)=O)O)OC)=C1,
Mifepristone,,D,,[H]C(CC1)(C(=C(C1=CC1=O)CC1)C1C(C=CC2N(C)C)=CC=2)C(C(C1)(C)C1(C#CC)O)([H])CC1,
Miglitol,,D,,C(CO)N(C1)[C@H]([C@H]([C@H]([C@@H]1O)O)O)CO,
Miglustat,,D,,CCCCN(C1)[C@H]([C@H]([C@H]([C@@H]1O)O)O)CO,
Milrinone,,D,,CC(=C1C(C=CN=C2)=C2)NC(C(=C1)C#N)=O,
Mimosine,,D,,C([C@@H](C([O-])=O)N)N(C=CC(C1O)=O)C=1,
Minaprine,,D,,CC(C=C(C(C=CC=C1)=C1)N=N1)=C1NCCN(CCOC1)C1,
Minocycline,,D,,[H][C@@](C1)([C@@]2(C(C([C@]1([H])C1)=C(C(C1=C1N(C)C)=C(C=C1)O)O)=O)O)[C@@H](C(C(C2=O)=C(N)O)=O)N(C)C,
Minoxidil,,D,,C(CCN1C(C=C(N)N(C2=N)O)=N2)CC1,
Mirtazapine,,D,,[H]C(CN(C)CC1)(N1C(C1=CC=C2)=N2)C2=C(C1)C=CC=C2,
Misoprostol,,D,,CCCCC(C)(CC=C[C@H]([C@H](CCCCCCC(=O)OC)C1=O)[C@H](C1)O)O,
Mitomycin,,D,,[H][C@@](C1)([C@@]2([C@]3(N1C(=C1[C@@H]3COC(N)=O)C(C(=C(C1=O)N)C)=O)OC)[H])N2,
Mitotane,,D,,C(C=CC(=C1C(C([Cl])[Cl])C(C=CC2[Cl])=CC=2)[Cl])=C1,
Mitoxantrone,,D,,C(CNC(C=C1)=C(C(=C1NCCNCCO)C1=O)C(C(C1=C1O)=C(C=C1)O)=O)NCCO,
Mivacurium,,D,,C[N+](CCCOC(CCC=CCCC(=O)OCCC[N+](C)(CC1)[C@H](C(C1=CC(=C1OC)OC)=C1)CC(=CC(=C(C1OC)OC)OC)C=1)=O)(CC1)[C@H](C(C1=CC(=C1OC)OC)=C1)CC(=CC(=C(C1OC)OC)OC)C=1,
Moclobemide,,D,,C(CN(CCOC1)C1)NC(C(C=CC1[Cl])=CC=1)=O,
Modafinil,,D,,C(C(N)=O)S(C(C(C=CC=C1)=C1)C(C=CC=C1)=C1)=O,
Moexipril,,D,,CCOC([C@@H](CCC(C=CC=C1)=C1)N[C@@H](C)C(N(CC(=CC(=C1OC)OC)C(=C1)C1)[C@@H]1C([O-])=O)=O)=O,
Mometasone,,D,,[H]C(CC1)([C@]([C@@](C1=CC1=O)(C=C1)C)([C@@H]1O)[Cl])[C@@]([C@@](C1)(C)[C@]([C@H]1C)(C(C[Cl])=O)O)([H])C1,
Monobenzone,,D,,C(C(C=CC=C1)=C1)OC(C=CC1O)=CC=1,
Montelukast,,D,,CC(C)(C(C=CC=C1)=C1CCC(C(=CC=CC1C=CC(C=CC(C=CC2[Cl])=C3C=2)=N3)C=1)SCC1(CC1)CC([O-])=O)O,
Moricizine,,D,,CCOC(NC(C=CC(=C1N(C(CCN(CCOC2)C2)=O)C(C=CC=C2)=C22)S2)=C1)=O,
Morphine,,D,,[H][C@@](C1)(N(CC2)C)[C@]([C@@]2(C(=C1C=C1)C(=C1O)O1)[C@]1([C@@H]1O)[H])([H])C=C1,
Moxifloxacin,,D,,[H]C(CCCN1)(C1([H])CN1C(C2F)=C(C(=C(C=2)C(C2C([O-])=O)=O)N(C=2)C(C2)C2)OC)C1,
Mupirocin,,D,,CC(C[C@@H]([C@H]([C@H]([C@@H](C[C@@H]([C@@H]1[C@@H](C)[C@@H](C)O)O1)C1)O)O)O1)=CC(=O)OCCCCCCCCC(O)=O,
Mycophenolate mofetil,,D,,CC(CCC(=O)OCCN(CCOC1)C1)=CCC(=C1O)C(=C(C2=C1C(=O)OC2)C)OC,
Mycophenolic acid,,D,,CC(CCC([O-])=O)=CCC(=C1O)C(=C(C2=C1C(=O)OC2)C)OC,
Nabilone,,D,,[H][C@](CC1=O)([C@](CC1)([H])C(C)(C)O1)C(C1=CC1C(C)(C)CCCCCC)=C(C=1)O,
Nabumetone,,D,,CC(CCC(C=CC(C=C1OC)=C2C=C1)=C2)=O,
Nadolol,,D,,CC(C)(C)NCC(COC(=CC=C1)C(=C1C[C@H]([C@@H]1O)O)C1)O,
Nafarelin,,D,,CC(C)CC(C(NC(CCCNC(N)=N)C(N(CCC1)C1C(NCC(N)=O)=O)=O)=O)NC(C(CC(C=CC(C=CC=C1)=C11)=C1)NC(C(CC(C=CC1O)=CC=1)NC(C(CO)NC(C(CC(=CN1)C2=C1C=CC=C2)NC(C(CC(=CNC1)N=1)NC(C(CCC1=O)N1)=O)=O)=O)=O)=O)=O,
Nafcillin,,D,,[H][C@]([C@H]1NC(C(=C2OCC)C3=C(C=C2)C=CC=C3)=O)(N(C1=O)[C@@H](C([O-])=O)C1(C)C)S1,
Naftifine,,D,,CN(CC=CC(C=CC=C1)=C1)CC(=CC=C1)C2=C1C=CC=C2,
Nalbuphine,,D,,[H]C([C@@H]1O)([C@@]([C@@](CC1)([C@@](N1CC(CC2)C2)([H])C2)O)(CC1)C(=C2C=C1)C2=C1O)O2,
Nalidixic Acid,,D,,CCN(C1)C2=C(C(C=1C([O-])=O)=O)C=CC(C)=N2,
Naloxone,,D,,[H][C@@](C1)(N(CC2)CC=C)[C@@]3([C@@]2(C(=C1C=C1)C(=C1O)O1)[C@]1(C(CC3)=O)[H])O,
Naltrexone,,D,,[H][C@@](C1)(N(CC2)CC(C3)C3)[C@@]3([C@@]2(C(=C1C=C1)C(=C1O)O1)[C@]1(C(CC3)=O)[H])O,
Nandrolone Phenpropionate,,D,,[H][C@@](CC1)([C@@]([C@@H]1OC(CCC(C=CC=C1)=C1)=O)(C)CC1)[C@]2([C@@]1([H])[C@]([H])(CCC1=O)C(=C1)CC2)[H],
Naproxen,,D,,CC(C([O-])=O)C(C=CC(C=C1OC)=C2C=C1)=C2,
Naratriptan,,D,,CNS(CCC(C=CC(=C1C2C(CCN(C)C3)C3)NC=2)=C1)(=O)=O,
Natamycin,,D,,[H][C@@](C[C@H]1OC([C@@H]([C@@H]([C@@H]([C@H]2C)O)N)O)O2)([C@H]([C@@H](C[C@]2(C[C@@H](C[C@]3([C@](C=CC(O[C@H](CC=CC=CC=CC=C1)C)=O)([H])O3)[H])O)O)O)C([O-])=O)O2,
Nateglinide,,D,,CC(C)C(CCC1C(N[C@@H](CC(C=CC=C2)=C2)C([O-])=O)=O)CC1,
Nedocromil,,D,,CCCC(=C(C1C2=O)N(C(=C2)C([O-])=O)CC)C(=C(C=1)C1=O)OC(=C1)C([O-])=O,
Nefazodone,,D,,CCC(=N1)N(C(N1CCCN(CCN1C(=CC=CC2[Cl])C=2)CC1)=O)CCOC(C=CC=C1)=C1,
Nelfinavir,,D,,[H][C@@](CCCC1)([C@@]1([H])CN(C[C@H]([C@H](CSC(C=CC=C1)=C1)NC(C(=CC=C1)C(=C1O)C)=O)O)[C@@H]1C(NC(C)(C)C)=O)C1,
Neomycin,,D,,C1[C@@H]([C@H]([C@H]([C@@H]([C@H]1N)O)O)O[C@H]([C@H]([C@H]([C@@H]([C@H]1CN)O)O)N)O1)N,
Netilmicin,,D,,CCN[C@H](C1)[C@@H]([C@@H]([C@H]([C@@H]1N)O[C@@H]([C@H]1N)OC(=CC1)CN)O)O[C@H]([C@H]([C@H]([C@]1(C)O)NC)O)OC1,
Nevirapine,,D,,C(C1)C1N(C(=C1C2=O)N=CC=C1)C1=C(N2)C(C)=CC=N1,
Nicardipine,,D,,CC(=C(C(C(=C1C)C(=O)OCCN(C)CC(C=CC=C2)=C2)C(=CC=CC2[N+]([O-])=O)C=2)C(=O)OC)N1,
Nicergoline,,D,,[H][C@](C1)([C@@]2(C3C(C1=C1)=C(N1C)C=CC=3)OC)N(C[C@H](C2)COC(C(=CC1[Br])C=NC=1)=O)C,
Nicotine,,D,,CN(CCC1)C1C(C=CC=N1)=C1,
Nifedipine,,D,,CC(=C(C(C(=C1C)C(=O)OC)C(C=CC=C2)=C2[N+]([O-])=O)C(=O)OC)N1,
Nilutamide,,D,,CC(C)(C(N(C1=O)C(C=CC(=C2C(F)(F)F)[N+]([O-])=O)=C2)=O)N1,
Nimodipine,,D,,CC(C)OC(C(C(C(=C(C)N1)C(=O)OCCOC)C(=CC=CC2[N+]([O-])=O)C=2)=C1C)=O,
Nisoldipine,,D,,CC(C)COC(C(C(C(=C(C)N1)C(=O)OC)C(C=CC=C2)=C2[N+]([O-])=O)=C1C)=O,
Nitazoxanide,,D,,CC(=O)OC(C=CC=C1)=C1C(NC(=NC=C1[N+]([O-])=O)S1)=O,
Nitisinone,,D,,C(CC(C(C1=O)C(C(C=CC2C(F)(F)F)=C(C=2)[N+]([O-])=O)=O)=O)C1,
Nitrendipine,,D,,CCOC(C(C(C(=C(C)N1)C(=O)OC)C(=CC=CC2[N+]([O-])=O)C=2)=C1C)=O,
Nitric Oxide,,D,,N=O,
Nitrofurantoin,,D,,C(C1=O)N(C(N1)=O)N=CC(=CC=C1[N+]([O-])=O)O1,
Nitrofurazone,,D,,C(C(=CC=C1[N+]([O-])=O)O1)=NNC(N)=O,
Nitroglycerin,,D,,C(C(CO[N+]([O-])=O)O[N+]([O-])=O)O[N+]([O-])=O,
Nitroprusside,,D,,[N-]=O,
Nizatidine,,D,,CNC(=C[N+]([O-])=O)NCCSCC(=CSC1CN(C)C)N=1,
Norethindrone,,D,,[H]C(CCC1=O)(C(=C1)CC1)C(C1([H])C(C1(C)C2(C#C)O)([H])CC2)([H])CC1,
Norfloxacin,,D,,CCN(C1)C(C(C(C=1C([O-])=O)=O)=CC(=C1N(CCNC2)C2)F)=C1,
Norgestimate,,D,,[H][C@@](CC1)([C@@]([C@@]1(C#C)OC(C)=O)(CC)CC1)[C@]2([C@@]1([H])[C@]([H])(CCC1=NO)C(=C1)CC2)[H],
Norgestrel,,D,,[H]C(CCC1=O)(C(=C1)CC1)C(C1([H])C(C1(CC)C2(C#C)O)([H])CC2)([H])CC1,
Nortriptyline,,D,,CNCCC=C(C(C=CC=C1)=C1CC1)C2=C1C=CC=C2,
Novobiocin,,D,,CC(C)=CCC(=CC1C(NC(=C(O)O2)C(C3=C2C(=C(C=C3)O[C@@H]([C@H]([C@@H]([C@H](C2(C)C)OC)OC(N)=O)O)O2)C)=O)=O)C(=CC=1)O,
Nystatin,,D,,CC(C=CC=CCCC=CC=CC=CC=CC1O[C@H]([C@@H]([C@@H]([C@@H]([C@H]2C)O)N)O)O2)C(C(C(OC(CC(CC(CC(CCC(C(CC(C2)(O)OC(C1)C(C2O)C(O)=O)O)O)O)O)O)=O)C)C)O,
Octreotide acetate,,D,,C[C@H]([C@@H](C(N[C@H](CS)C(N[C@H](CO)[C@H](C)O)=O)=O)NC([C@@H](CCCCN)NC([C@H](CC(=CN1)C2=C1C=CC=C2)NC([C@@H](CC(C=CC=C1)=C1)NC([C@H](CS)NC([C@H](CC(C=CC=C1)=C1)N)=O)=O)=O)=O)=O)O,
Ofloxacin,,D,,CC(CO1)N(C(=C1C(=C(C1)F)N(CCN(C)C2)C2)C=1C(C1C([O-])=O)=O)C=1,
Olanzapine,,D,,CC(=CC(=C1N(CCN(C)C2)C2)C2=NC3=C(N1)C=CC=C3)S2,
Olmesartan Medoxomil,,D,,CCCC(=N1)N(C(=C1C(C)(C)O)C(=O)OCC(=C(C)OC1=O)O1)CC(C=CC1C(C=CC=C2)=C2C(N=NN2)=N2)=CC=1,
Olopatadine,,D,,CN(C)CCC=C(C(C=CC=C1)=C1CO1)C2=C1C=CC(CC([O-])=O)=C2,
Omapatrilat,,D,,[H][C@@](CCC1)(N([C@@H]1C([O-])=O)C(C1NC([C@@H](CC(C=CC=C2)=C2)S)=O)=O)SCC1,
Omeprazole,,D,,CC(C=N1)=C(C(=C1CS(C(=NC(C=CC1OC)=C2C=1)N2)=O)C)OC,
Ondansetron,,D,,CC(=NC=C1)N1CC(CC1)C(C(=C1N1C)C(C=CC=C2)=C12)=O,
Orlistat,,D,,CCCCCCCCCCCC(CC(C(CCCCCC)C1=O)O1)OC(C(CC(C)C)NC=O)=O,
Orphenadrine,,D,,CC(C=CC=C1)=C1C(C(C=CC=C1)=C1)OCCN(C)C,
Oseltamivir Phosphate,,D,,CCC(CC)O[C@H](C=C1C(=O)OCC)[C@H]([C@@H](C1)N)NC(C)=O,
Ouabain,,D,,[H][C@@]([C@H]1O)([C@]([C@@]([C@](C1)(C)[C@H]1C(COC2=O)=C2)(CC1)O)([H])CC1)[C@]([C@@]11O)([C@H](C[C@@H](C1)O[C@H]([C@H]([C@H]([C@H]([C@@H]1C)O)O)O)O1)O)CO,
Oxacillin,,D,,[H][C@]([C@H]1NC(C(C(C(C=CC=C2)=C2[Cl])=NO2)=C2C)=O)(N(C1=O)[C@@H](C([O-])=O)C1(C)C)S1,
Oxaliplatin,,D,,C(CC[C@H]([C@H]1[N-])[N-])C1,
Oxamniquine,,D,,CC(C)NCC(CCC(=CC(CO)=C1[N+]([O-])=O)C2=C1)N2,
Oxandrolone,,D,,[H][C@@](CC1)([C@@]([C@@]2([C@]1([H])[C@@]([C@@](CC2)(C)[C@@]1(C)O)([H])CC1)[H])(C)COC1=O)C1,
Oxaprozin,,D,,C(CC(=NC(C(C=CC=C1)=C1)=C1C(C=CC=C2)=C2)O1)C([O-])=O,
Oxazepam,,D,,C(C=CC1C(C(=CC2[Cl])C(=CC=2)NC(C2O)=O)=N2)=CC=1,
Oxcarbazepine,,D,,C1C(C(C=CC=C2)=C2N(C(N)=O)C(C=CC=C2)=C12)=O,
Oxiconazole nitrate,,D,,C(C(C(C=CC1[Cl])=C(C=1)[Cl])=NOCC(C=CC1[Cl])=C(C=1)[Cl])N(C=CN1)C=1,
Oxybuprocaine,,D,,CCCCOC(=CC1C(=O)OCC[N+](CC)CC)C(=CC=1)N,
Oxybutynin,,D,,CCN(CC)CC#CCOC(C(C(CCCC1)C1)(C(C=CC=C1)=C1)O)=O,
Oxycodone,,D,,[H][C@@](C1)(N(CC2)C)[C@@]3([C@@]2(C(=C1C=C1)C(=C1OC)O1)[C@]1(C(CC3)=O)[H])O,
Oxymetazoline,,D,,CC(=C1)C(=C(C(=C1C(C)(C)C)O)C)CC(NCC1)=N1,
Oxymorphone,,D,,[H][C@@](C1)(N(CC2)C)[C@@]3([C@@]2(C(=C1C=C1)C(=C1O)O1)[C@]1(C(CC3)=O)[H])O,
Oxyphencyclimine,,D,,CN(CCCN1)C=1COC(C(C(CCCC1)C1)(C(C=CC=C1)=C1)O)=O,
Oxyphenonium,,D,,CC[N+](C)(CC)CCOC(C(C(CCCC1)C1)(C(C=CC=C1)=C1)O)=O,
Oxytetracycline,,D,,[H][C@](C1C2=O)([C@@](C3C(C=1O)=C(C=CC=3)O)(C)O)[C@@H]([C@]([C@@]21O)([C@@H](C(C(C1=O)=C(N)O)=O)N(C)C)[H])O,
Oxytocin,,D,,[H][C@@]1(N(CCC1)C([C@H](CSSC[C@H](C1=O)N)NC([C@@H](NC([C@@H](NC([C@@H](NC([C@@H](N1)CC(C=CC1O)=CC=1)=O)[C@@H](C)CC)=O)CCC(N)=O)=O)CC(N)=O)=O)=O)C(N[C@@H](CC(C)C)C(NCC(N)=O)=O)=O,
Paclitaxel,,D,,[H][C@]([C@@H]1OC(C(C=CC=C2)=C2)=O)([C@@](C([C@H](C(=C([C@@H](C2)OC([C@H]([C@@H](C(C=CC=C3)=C3)NC(C(C=CC=C3)=C3)=O)O)=O)C)C([C@@]12O)(C)C)OC(C)=O)=O)(C)[C@@H]1O)[C@@]2([C@](C1)([H])OC2)OC(C)=O,
Palonosetron,,D,,[H][C@](CCC1)(C2)C(C1=CC=C1)=C1C(N2[C@@H](CN(CC1)C2)C1C2)=O,
Pamidronate,,D,,C(CN)C(O)(P(O)(O)=O)P(O)(O)=O,
Pantoprazole,,D,,COC(=CC=N1)C(=C1CS(C(=NC(C=CC1OC(F)F)=C2C=1)N2)=O)OC,
Papaverine,,D,,COC(C=CC(CC(C(C=C(C1OC)OC)=C(C=1)C=C1)=N1)=C1)=C1OC,
Paramethadione,,D,,CCC(C)(C(N(C)C1=O)=O)O1,
Paricalcitol,,D,,[H][C@](CC1)([C@]([C@H]1[C@H](C)C=C[C@@H](C)C(C)(C)O)(C)CCC1)C1=CC=C(C[C@H]1O)C[C@H](C1)O,
Paroxetine,,D,,C1CNC[C@@H](COC(C=CC(=C2OC3)O3)=C2)[C@H]1C(C=CC1F)=CC=1,
Pefloxacin,,D,,CCN(C1)C(C(C(C=1C([O-])=O)=O)=CC(=C1N(CCN(C)C2)C2)F)=C1,
Pemetrexed,,D,,C(C[C@H](C([O-])=O)NC(C(C=CC(CCC(=CN1)C(=C1NC(=N1)N)C1=O)=C1)=C1)=O)C([O-])=O,
Pemirolast,,D,,CC(=CC=C1)C(N1C(C1C(N=NN2)=N2)=O)=NC=1,
Pemoline,,D,,C(C=CC1C(C2=O)OC(=N2)N)=CC=1,
Penciclovir,,D,,C(CN(C=N1)C(=C1C1=O)NC(=N1)N)C(CO)CO,
Penicillamine,,D,,CC(C)([C@@H](C([O-])=O)N)S,
Penicillin G,,D,,CC(C)([C@@H](C([O-])=O)N(C1=O)[C@]2([C@H]1NC(CC(C=CC=C1)=C1)=O)[H])S2,
Penicillin V,,D,,CC(C)([C@@H](C([O-])=O)N(C1=O)[C@]2([C@H]1NC(COC(C=CC=C1)=C1)=O)[H])S2,
Pentagastrin,,D,,CC(C)COC(NCCC(N[C@@H](CC(=CN1)C2=C1C=CC=C2)C(N[C@@H](CCSC)C(N[C@@H](CC([O-])=O)C(N[C@@H](CC(C=CC=C1)=C1)C(N)=O)=O)=O)=O)=O)=O,
Pentamidine,,D,,C(CCOC(C=CC1C(N)=N)=CC=1)CCOC(C=CC1C(N)=N)=CC=1,
Pentazocine,,D,,CC(C)=CCN(CC1)[C@]2([H])[C@H]([C@]1(C)C(=CC1O)C(=CC=1)C2)C,
Pentobarbital,,D,,CCCC(C)C(CC)(C1=O)C(NC(N1)=O)=O,
Pentolinium,,D,,C[N+](CCCCC[N+](C)(CCC1)C1)(CCC1)C1,
Pentosan Polysulfate,,D,,C([C@H]([C@@H]([C@H]([C@@H]1O[C@H](CO2)[C@@H]([C@H]([C@H]2O)OS(O)(=O)=O)OS(O)(=O)=O)OS(O)(=O)=O)OS(O)(=O)=O)O)O1,
Pentostatin,,D,,C(C(C(CO)O1)O)C1N(C=N1)C(=C1[C@H]1O)NC=NC1,
Pentoxifylline,,D,,CC(CCCCN(C1=O)C(N(C2=C1N(C=N2)C)C)=O)=O,
Perflutren,,D,,C(C(F)(F)F)(F)(C(F)(F)F)F,
Pergolide,,D,,[H][C@](C[C@H]1CSC)([C@](N(C1)CCC)([H])C1)C2C(C1=CN1)=C1C=CC=2,
Perhexiline,,D,,C(CCC1C(CC(CCCC2)N2)C(CCCC2)C2)CC1,
Perindopril Erbumine,,D,,[H][C@@](CCCC1)([C@@]1([H])N(C([C@@H](C)N[C@@H](CCC)C(=O)OCC)=O)[C@@H]1C([O-])=O)C1,
Perphenazine,,D,,C(CN(CCN1CCO)CC1)CN(C(C=CC=C1)=C1S1)C(=C1C=CC1[Cl])C=1,
Phenacemide,,D,,C(C(NC(N)=O)=O)C(C=CC=C1)=C1,
Phenelzine,,D,,C(CNN)C(C=CC=C1)=C1,
Phenformin,,D,,C(CN=C(N)N=C(N)N)C(C=CC=C1)=C1,
Phenindione,,D,,C(C=CC1C(C2=O)C(C3=C2C=CC=C3)=O)=CC=1,
Phenmetrazine,,D,,CC(C(C(C=CC=C1)=C1)OCC1)N1,
Phenobarbitone,,D,,CCC(C1=O)(C(NC(N1)=O)=O)C(C=CC=C1)=C1,
Phenoxybenzamine,,D,,CC(COC(C=CC=C1)=C1)N(CC[Cl])CC(C=CC=C1)=C1,
Phenprocoumon,,D,,CCC(C(=C(O)O1)C(C2=C1C=CC=C2)=O)C(C=CC=C1)=C1,
Phensuximide,,D,,CN(C1=O)C(C(C1)C(C=CC=C1)=C1)=O,
Phentermine,,D,,CC(C)(CC(C=CC=C1)=C1)N,
Phentolamine,,D,,CC(C=CC1N(CC(NCC2)=N2)C(=CC=CC2O)C=2)=CC=1,
Phenylbutazone,,D,,CCCCC(C1=O)C(N(N1C(C=CC=C1)=C1)C(C=CC=C1)=C1)=O,
Phenylephrine,,D,,CNC[C@H](C(=CC=CC1O)C=1)O,
Phenylpropanolamine,,D,,C[C@H]([C@@H](C(C=CC=C1)=C1)O)N,
Phenytoin,,D,,C(C=CC1C(C2=O)(NC(N2)=O)C(C=CC=C2)=C2)=CC=1,
Physostigmine,,D,,[H]C(C1(C)C(=CC2OC(NC)=O)C3=CC=2)(N(CC1)C)N3C,
Phytonadione,,D,,CC(C)CCCC(C)CCCC(C)CCCC(C)=CCC(=C(C)C1=O)C(C2=C1C=CC=C2)=O,
Picrotoxin,,D,,[H]C(C1C(C)(C)O)(C2(C(C(C1([H])O1)([H])O3)(C)C4(C(C2)([H])O4)C3=O)O)C1=O,
Pilocarpine,,D,,CCC(C(CC(=CN=C1)N1C)CO1)C1=O,
Pimecrolimus,,D,,[H][C@@](CCCC1)(N1C(C([C@]([C@H](C)C[C@@H]([C@]1([H])[C@@H]2OC)OC)(O1)O)=O)=O)C(O[C@@H]([C@H]([C@@H](CC([C@H](C=C(C[C@@H](C2)C)C)CC)=O)O)C)C(C)=C[C@H](CC[C@@H]([C@H]1OC)[Cl])C1)=O,
Pimozide,,D,,C(CC(C(C=CC1F)=CC=1)C(C=CC1F)=CC=1)CN(CCC1N(C2=O)C3=C(N2)C=CC=C3)CC1,
Pindolol,,D,,CC(C)NCC(COC(=CC=C1)C(=C1N1)C=C1)O,
Pioglitazone,,D,,CCC(C=CC(CCOC(C=CC(CC(C1=O)SC(N1)=O)=C1)=C1)=N1)=C1,
Piperacillin,,D,,[H]C(C1NC(C(C(C=CC=C2)=C2)NC(N(CC2)C(C(N2CC)=O)=O)=O)=O)(N(C1=O)C(C([O-])=O)C1(C)C)S1,
Piperazine,,D,,C(CNCC1)N1,
Pipobroman,,D,,C(C[Br])C(N(CCN1C(CC[Br])=O)CC1)=O,
Pirenzepine,,D,,CN(CCN1CC(N(C(C=CC=C2)=C2C2=O)C3=C(N2)C=CC=N3)=O)CC1,
Piroxicam,,D,,CN(C(=C(NC(C=CC=C1)=N1)O)C1=O)S(C2=C1C=CC=C2)(=O)=O,
Podofilox,,D,,[H]C(CO1)(C(C1=O)([H])C(C(=CC(=C(C1OC)OC)OC)C=1)C(=CC(=C1OC2)O2)C2=C1)C2O,
Polymyxin B Sulfate,,D,,CC(C)CC(C1=O)NC(C(NC(C(NC(C(CCNC(C(NC(C(NC(C(N1)CCN)=O)CCN)=O)CCO)=O)NC(C(CCN)NC(C(CCO)NC(C(CCN)NC=O)=O)=O)=O)=O)CCN)=O)CC(C=CC=C1)=C1)=O,
Porfimer,,D,,CCC(=C(C)C(=CC(C(C)=C(CCC(O)=O)C12)=N2)N2)C2=CC2C(=C(C(=CC3=C(C(=C(C=1)N3)CCC(O)=O)C)N=2)C(C)O)C,
Potassium Chloride,,D,,[Cl-],
Pralidoxime,,D,,C[N+](C=CC=C1)=C1C=NO,
Pramipexole,,D,,CCCN[C@H](CCC(=C1SC2N)N=2)C1,
Pravastatin,,D,,[H][C@](C1=C[C@@H]2O)([C@@H]([C@H](C=C1)C)CC[C@H](C[C@H](CC([O-])=O)O)O)[C@@H](C2)OC([C@@H](C)CC)=O,
Praziquantel,,D,,[H]C(CN1C(C(CCCC2)C2)=O)(N(C(C1)=O)CC1)C2=C1C=CC=C2,
Prazosin,,D,,COC(C=C(C(N)=NC1N(CCN2C(C(=CC=C3)O3)=O)CC2)C(N=1)=C1)=C1OC,
Prednicarbate,,D,,[H]C(CC1)(C(C1(C(COC(CC)=O)=O)OC(=O)OCC)(C)C1)C2(C(C1O)([H])C(C)(C=CC1=O)C(=C1)CC2)[H],
Prednisolone,,D,,[H][C@@](CC1)([C@@]([C@]1(C(CO)=O)O)(C)C1)[C@@]([C@@]([C@@H]1O)([H])[C@](C1=CC2=O)(C=C2)C)([H])CC1,
Prednisone,,D,,[H][C@@](CC1)([C@@]([C@]1(C(CO)=O)O)(C)C1)[C@@]([C@@](C1=O)([H])[C@](C1=CC2=O)(C=C2)C)([H])CC1,
Pregabalin,,D,,CC(C)C[C@H](CC([O-])=O)CN,
Prilocaine,,D,,CCCNC(C)C(NC(C=CC=C1)=C1C)=O,
Primaquine,,D,,CC(CCCN)NC(=CC1OC)C2=C(C=1)C=CC=N2,
Primidone,,D,,CCC(C1=O)(C(NCN1)=O)C(C=CC=C1)=C1,
Probenecid,,D,,CCCN(CCC)S(C(C=CC1C([O-])=O)=CC=1)(=O)=O,
Procainamide,,D,,CCN(CC)CCNC(C(C=CC1N)=CC=1)=O,
Procaine,,D,,CCN(CC)CCOC(C(C=CC1N)=CC=1)=O,
Procarbazine,,D,,CC(C)NC(C(C=CC(CNNC)=C1)=C1)=O,
Prochlorperazine,,D,,CN(CCN(CCCN(C(C=CC=C1)=C1S1)C(=C1C=CC1[Cl])C=1)C1)C1,
Procyclidine,,D,,C(CCC1C(CCN(CCC2)C2)(C(C=CC=C2)=C2)O)CC1,
Proflavine,,D,,C(C=C(C=C(C=CC1N)C(C=1)=N1)C1=C1)=C1N,
Progabide,,D,,C(CC(N)=O)CN=C(C(C=CC1[Cl])=CC=1)C(=CC1F)C(=CC=1)O,
Progesterone,,D,,[H][C@@](CC1)([C@@]([C@@H]1C(C)=O)(C)CC1)[C@@]([C@@]1([H])[C@](C1=CC2=O)(CC2)C)([H])CC1,
Proguanil,,D,,CC(C)N=C(N)N=C(N)NC(C=CC1[Cl])=CC=1,
Promazine,,D,,CN(C)CCCN(C(C=CC=C1)=C1S1)C2=C1C=CC=C2,
Promethazine,,D,,CC(CN(C(C=CC=C1)=C1S1)C2=C1C=CC=C2)N(C)C,
Propafenone,,D,,CCCNCC(COC(C=CC=C1)=C1C(CCC(C=CC=C1)=C1)=O)O,
Propantheline,,D,,CC(C)[N+](C)(CCOC(C(C(C=CC=C1)=C1O1)C2=C1C=CC=C2)=O)C(C)C,
Proparacaine,,D,,CCCOC(C=CC1C(=O)OCCN(CC)CC)=C(C=1)N,
Propiomazine,,D,,CCC(C(C=CC(=C1N(CC(C)N(C)C)C(C=CC=C2)=C22)S2)=C1)=O,
Propofol,,D,,CC(C)C(=CC=C1)C(=C1C(C)C)O,
Propoxyphene,,D,,CCC(=O)OC(CC(C=CC=C1)=C1)(C(C)CN(C)C)C(C=CC=C1)=C1,
Propranolol,,D,,CC(C)NCC(COC(=CC=C1)C2=C1C=CC=C2)O,
Propylthiouracil,,D,,CCCC(=CC1=O)NC(=N1)S,
Protriptyline,,D,,CNCCCC(C(C=CC=C1)=C1C=C1)C2=C1C=CC=C2,
Pseudoephedrine,,D,,C[C@@H]([C@@H](C(C=CC=C1)=C1)O)NC,
Pyrazinamide,,D,,C(C=NC1C(N)=O)=NC=1,
Pyridostigmine,,D,,CN(C)C(=O)OC(=CC=C[N+]1C)C=1,
Pyrimethamine,,D,,CCC(=C(C(C=CC1[Cl])=CC=1)C(N)=NC1N)N=1,
Quetiapine,,D,,C(CN1C(C(C=CC=C2)=C2SC(C=CC=C2)=C22)=N2)N(CC1)CCOCCO,
Quinacrine,,D,,CCN(CC)CCCC(C)NC(=C(C=CC1[Cl])C(C=1)=N1)C(=C1C=CC1OC)C=1,
Quinapril,,D,,CCOC([C@@H](CCC(C=CC=C1)=C1)N[C@@H](C)C(N(CC(C=CC=C1)=C1C1)[C@@H]1C([O-])=O)=O)=O,
Quinidine,,D,,[H][C@@](CCN1[C@H]2[C@@H](C(=CC=N3)C(=C3C=CC3OC)C=3)O)([C@H](C1)C=C)C2,
Quinine,,D,,[H]C(CCN1[C@@H]2[C@H](C(=CC=N3)C(=C3C=CC3OC)C=3)O)([C@H](C1)C=C)C2,
R-mephobarbital,,D,,CCC(C1=O)(C(N(C(N1)=O)C)=O)C(C=CC=C1)=C1,
Rabeprazole,,D,,CC(C1OCCCOC)=C(N=CC=1)CS(C(=NC(C=CC=C1)=C11)N1)=O,
Raloxifene,,D,,C(CCN1CCOC(C=CC2C(C(C(C=CC3O)=C(C=3)S3)=C3C(C=CC3O)=CC=3)=O)=CC=2)CC1,
Raltitrexed,,D,,CC(NC(C=CC(CN(C)C(=CC=C1C(N[C@@H](CCC([O-])=O)C([O-])=O)=O)S1)=C1)=C1C1=O)=N1,
Ramelteon,,D,,CCC(NCC[C@@H](CC1)C(=C1C=C1)C2=C1OCC2)=O,
Ramipril,,D,,[H][C@@](CCC1)([C@@]1([H])N(C([C@H](C)N[C@@H](CCC(C=CC=C1)=C1)C(=O)OCC)=O)[C@@H]1C([O-])=O)C1,
Ranitidine,,D,,CNC(=C[N+]([O-])=O)NCCSCC(=CC=C1CN(C)C)O1,
Ranolazine,,D,,CC(=CC=C1)C(=C1C)NC(CN(CCN1CC(COC(C=CC=C2)=C2OC)O)CC1)=O,
Reboxetine,,D,,CCOC(C=CC=C1)=C1O[C@@H](C(C=CC=C1)=C1)[C@@H](CNCC1)O1,
Remifentanil,,D,,CCC(N(C(C=CC=C1)=C1)C1(CCN(CC1)CCC(=O)OC)C(=O)OC)=O,
Remikiren,,D,,CC(C)(C)S(C[C@@H](CC(C=CC=C1)=C1)C(N[C@@H](CC(=CN=C1)N1)C(N[C@H](CC(CCCC1)C1)[C@@H]([C@H](C(C1)C1)O)O)=O)=O)(=O)=O,
Remoxipride,,D,,CCN(CCC1)[C@@H]1CNC(C(=C1OC)C(=C(C=C1)[Br])OC)=O,
Repaglinide,,D,,CCOC(C=C(CC(N[C@@H](CC(C)C)C(C=CC=C1)=C1N(CCCC1)C1)=O)C=C1)=C1C([O-])=O,
Rescinnamine,,D,,[H][C@@](C1)([C@@]([C@@H]([C@H]([C@H]1OC(C=CC(=CC(=C(C1OC)OC)OC)C=1)=O)OC)C(=O)OC)([H])C[C@]([H])(C(=C1C(C=CC2OC)=C3C=2)N3)N2CC1)C2,
Reserpine,,D,,[H][C@@](C1)([C@@]([C@@H]([C@H]([C@H]1OC(C(=CC(=C(C1OC)OC)OC)C=1)=O)OC)C(=O)OC)([H])C[C@]([H])(C(=C1C(C=CC2OC)=C3C=2)N3)N2CC1)C2,
Ribavirin,,D,,C([C@H]([C@@H]([C@H]([C@H]1N(C=NC2C(N)=O)N=2)O)O)O1)O,
Ridogrel,,D,,C(CCON=C(C(=CC=CC1C(F)(F)F)C=1)C(C=CC=N1)=C1)CC([O-])=O,
Rifabutin,,D,,CC(C)CN(CCC1(N=C(C(=C2O)NC(C(=CC=C[C@@H]([C@@H]([C@H]([C@H]([C@H]([C@@H]([C@H]([C@H](C=CO3)OC)C)OC(C)=O)C)O)C)O)C)C)=O)C4C(C2=C2O)=C(C(=C2C)O2)C([C@@]23C)=O)N=4)CC1,
Rifampin,,D,,CC(=CC=C[C@@H](C)[C@@H]([C@H](C)[C@H]([C@H](C)[C@@H]([C@H](C)[C@H]1OC)OC(C)=O)O)O)C(N=C2C(=CNN(CCN(C)C3)C3)C(=C(C(C([C@@](OC=C1)(C)O1)=O)=C11)C(C(=C1C)O)=C2O)O)=O,
Rifapentine,,D,,CC(=CC=C[C@H](C)[C@H]([C@H](C)[C@@H]([C@@H](C)[C@@H]([C@H](C)[C@H]1OC)OC(C)=O)O)O)C(NC2=C(C=NN(CCN3C(CCC4)C4)CC3)C(=C(C(C([C@@](OC=C1)(C)O1)=O)=C11)C(C(=C1C)O)=C2O)O)=O,
Rifaximin,,D,,CC(=CC=C[C@@H](C)[C@@H]([C@H](C)[C@H]([C@H](C)[C@@H]([C@H](C)[C@H]1OC)OC(C)=O)O)O)C(NC2C(=C(C(C(C([C@@](OC=C1)(C)O1)=O)=C11)=C(C(=C1C)O)C=2O)N1)N2C=1C=C(C)C=C2)=O,
Riluzole,,D,,C(=CC(=C1SC2N)N=2)C(=C1)OC(F)(F)F,
Rimantadine,,D,,C(C(CC(C1)C2)C3)C1CC23C(C)N,
Rimexolone,,D,,[H]C(CC1)(C([C@](C1=CC1=O)(C=C1)C)([H])[C@@H]1O)C([C@@](C1)(C)[C@@]([C@H]1C)(C)C(CC)=O)([H])C1,
Risedronate,,D,,C(C(C=CC=N1)=C1)C(O)(P(O)(O)=O)P(O)(O)=O,
Risperidone,,D,,CC(=C(CCN(CCC1C(C(C=CC2F)=C(C=2)O2)=N2)CC1)C(N(CCCC1)C11)=O)N=1,
Ritodrine,,D,,C[C@@H]([C@H](C(C=CC1O)=CC=1)O)NCCC(C=CC1O)=CC=1,
Ritonavir,,D,,CC(C)C(C(N[C@@H](CC([C@@H](CC(C=CC=C1)=C1)NC(=O)OCC(=CN=C1)S1)O)CC(C=CC=C1)=C1)=O)NC(N(C)CC(=CSC1C(C)C)N=1)=O,
Rivastigmine,,D,,CCN(C)C(=O)OC(=CC=CC1[C@@H](C)N(C)C)C=1,
Rizatriptan,,D,,CN(C)CCC(=CN1)C2=C1C=CC(CN(C=NC1)N=1)=C2,
Rocuronium,,D,,[H][C@@](CC1)([C@@]([C@@]2([C@]1([H])[C@@]([H])(C1)[C@@]([C@H]([C@@H]1[N+]1(CCCC1)CC=C)OC(C)=O)(C)CC2)[H])(C)C[C@@H]([C@@H]1O)N(CCOC2)C2)C1,
Rofecoxib,,D,,CS(C(C=CC1C(CO2)=C(C2=O)C(C=CC=C2)=C2)=CC=1)(=O)=O,
Ropinirole,,D,,CCCN(CCC)CCC(=CC=C1)C(=C1N1)CC1=O,
Ropivacaine,,D,,CCCN(CCCC1)C1C(NC(C(C)=CC=C1)=C1C)=O,
Rosiglitazone,,D,,CN(CCOC(C=CC(CC(C1=O)SC(N1)=O)=C1)=C1)C(C=CC=C1)=N1,
Rosuvastatin,,D,,CC(C)C(=C(C=C[C@H](C[C@H](CC([O-])=O)O)O)C(C(C=CC1F)=CC=1)=NC1N(C)S(C)(=O)=O)N=1,
Roxithromycin,,D,,CC[C@H]([C@@](C)([C@H]([C@@H](C)C([C@H](C)C[C@](C)([C@H]([C@@H](C)[C@@H]([C@H](C)C1=O)O[C@H](C[C@](C)([C@@H]([C@@H]2C)O)OC)O2)O[C@@H]([C@H]([C@@H]2N(C)C)O)O[C@H](C2)C)O)=NOCOCCOC)O)O)O1,
Salicyclic acid,,D,,C(C=CC(=C1C(O)=O)O)=C1,
Salmeterol,,D,,C(CCCOCCCCC(C=CC=C1)=C1)CCNCC(C(C=CC(=C1CO)O)=C1)O,
Saquinavir,,D,,[H]C(CCCC1)(C1([H])CN(C[C@H]([C@@H](CC(C=CC=C1)=C1)NC([C@@H](CC(N)=O)NC(C(C=CC(C=CC=C1)=C11)=N1)=O)=O)O)[C@@H]1C(NC(C)(C)C)=O)C1,
Scopolamine,,D,,[H]C(CC1OC(C(CO)C(C=CC=C2)=C2)=O)(C2(C(C3(C1)[H])([H])O2)[H])N3C,
Secobarbital,,D,,CCCC(C)C(CC=C)(C1=O)C(NC(N1)=O)=O,
Selegiline,,D,,C[C@H](CC(C=CC=C1)=C1)N(C)CC#C,
Selenium Sulfide,,D,,S=[Se],
Sermorelin,,D,,CC[C@@H](C)[C@@H](C(N[C@@H](CC(C=CC=C1)=C1)C(N[C@@H](C(N[C@@H](CC(N)=O)C(N[C@@H](CO)C(N[C@@H](CC(C=CC1O)=CC=1)C(N[C@@H](CCCNC(N)=N)C(N[C@@H](CCCCN)C(N[C@@H](C(C)C)C(N[C@@H](CC(C)C)C(NCC(N[C@@H](CCC(N)=O)C(N[C@@H](CC(C)C)C(N[C@@H](CO)C(N[C@@H](C)C(N[C@@H](CCCNC(N)=N)C(N[C@@H](CCCCN)C(N[C@@H](CC(C)C)C(N[C@@H](CC(C)C)C(N[C@@H](CCC(N)=O)C(N[C@@H](CC(O)=O)C(N[C@@H](C(N[C@@H](CCSC)C(N[C@@H](CO)C(N[C@@H](CCCNC(N)=N)C(N)=O)=O)=O)=O)[C@@H](C)CC)=O)=O)=O)=O)=O)=O)=O)=O)=O)=O)=O)=O)=O)=O)=O)=O)=O)=O)=O)[C@H](C)O)=O)=O)NC([C@@H](C)NC([C@@H](CC(O)=O)NC([C@@H](C)NC([C@@H](CC(C=CC1O)=CC=1)N)=O)=O)=O)=O,
Sertaconazole,,D,,C(C(C(C=CC1[Cl])=C(C=1)[Cl])OCC(=CS1)C(=C1C1[Cl])C=CC=1)N(C=CN1)C=1,
Sertraline,,D,,CN[C@@H](CC1)C2=C([C@@H]1C(C=CC(=C1[Cl])[Cl])=C1)C=CC=C2,
Sevelamer,,D,,C(C1C[Cl])O1,
Sevoflurane,,D,,C(OC(C(F)(F)F)C(F)(F)F)F,
Sibutramine,,D,,CC(C)CC(C1(CCC1)C(C=CC1[Cl])=CC=1)N(C)C,
Sildenafil,,D,,CCCC(C(=C(C1=O)N2C)NC(=N1)C(=CC1S(N(CCN(C)C3)C3)(=O)=O)C(=CC=1)OCC)=N2,
Simvastatin,,D,,[H][C@](C1=C[C@H](C)C2)([C@@H]([C@H](C=C1)C)CC[C@H](C[C@H]1O)OC(C1)=O)[C@@H]2OC(C(C)(C)CC)=O,
Sirolimus,,D,,[H][C@@](CCCC1)(N1C(C([C@]([C@H](C)CC[C@@]12[H])(O2)O)=O)=O)C(O[C@@H](CC([C@H](C=C([C@H]([C@H](C([C@H](C[C@@H](C=CC=CC=C([C@@H](C1)OC)C)C)C)=O)OC)O)C)C)=O)[C@H](C)CC(CC[C@H]([C@H]1OC)O)C1)=O,
Sodium lauryl sulfate,,D,,CCCCCCCCCCCCOS(O)(=O)=O,
Sodium tetradecyl,,D,,CCCCCCCCCCCCCCOS([O-])(=O)=O,
Solifenacin succinate,,D,,C(CN(CC1)C2)C1[C@H]2OC(N(CC1)[C@@H](C2=C1C=CC=C2)C(C=CC=C1)=C1)=O,
Sorafenib,,D,,CNC(C(=CC1OC(C=CC2NC(NC(C=CC(=C3C(F)(F)F)[Cl])=C3)=O)=CC=2)N=CC=1)=O,
Sotalol,,D,,CC(C)NCC(C(C=CC1NS(C)(=O)=O)=CC=1)O,
Sotradecol,,D,,CCCCCCCCCCCCCCOS(O)(=O)=O,
Sparfloxacin,,D,,C[C@@H](CN1C(=C2F)C(=C(C(=C2N)C(C2C([O-])=O)=O)N(C=2)C(C2)C2)F)N[C@H](C1)C,
Spectinomycin,,D,,[H][C@@]([C@](C1=O)(O)O[C@]([H])([C@@H]2NC)[C@]3([C@@H]([C@H]([C@@H]2O)NC)O)[H])(O[C@H](C1)C)O3,
Spironolactone,,D,,[H][C@@](CC1)([C@@]([C@]11OC(CC1)=O)(C)CC1)[C@]([C@@]1([H])[C@](C)(CCC1=O)C(=C1)C1)([C@H]1SC(C)=O)[H],
Stavudine,,D,,CC(=CN(C1=O)[C@H](C=C[C@@H]2CO)O2)C(N1)=O,
Streptomycin,,D,,C[C@@H]([C@](C=O)([C@H]([C@H]1O[C@H]([C@@H]2N=C(N)N)[C@H]([C@@H]([C@H]([C@H]2O)N=C(N)N)O)O)O[C@@H]([C@@H]([C@@H]([C@H]([C@@H]2CO)O)O)NC)O2)O)O1,
Streptozocin,,D,,CN(C(N[C@H]([C@@H](O)O1)[C@H]([C@@H]([C@H]1CO)O)O)=O)N=O,
Succimer,,D,,C(C(C([O-])=O)S)(C([O-])=O)S,
Succinylcholine,,D,,C[N+](C)(C)CCOC(CCC(=O)OCC[N+](C)(C)C)=O,
Sucralfate,,D,,C([C@H]([C@@H]([C@@H]([C@H](C1O[C@@](CO)([C@@H]([C@@H]([C@H]2CO)O)O)O2)O)O)O)O1)O,
Sufentanil,,D,,CCC(N(C(C=CC=C1)=C1)C1(CCN(CC1)CCC(=CC=C1)S1)COC)=O,
Sulfacetamide,,D,,CC(NS(C(C=CC1N)=CC=1)(=O)=O)=O,
Sulfadiazine,,D,,C(C=NC(NS(C(C=CC1N)=CC=1)(=O)=O)=N1)=C1,
Sulfamethizole,,D,,CC(=NN=C1NS(C(C=CC2N)=CC=2)(=O)=O)S1,
Sulfamethoxazole,,D,,CC(=CC(NS(C(C=CC1N)=CC=1)(=O)=O)=N1)O1,
Sulfametopyrazine,,D,,COC(C(NS(C(C=CC1N)=CC=1)(=O)=O)=NC=C1)=N1,
Sulfanilamide,,D,,C(=CC1S(N)(=O)=O)C(=CC=1)N,
Sulfapyridine,,D,,C(=CC=NC1NS(C(C=CC2N)=CC=2)(=O)=O)C=1,
Sulfasalazine,,D,,C(=CC=NC1NS(C(C=CC2N=NC(C=CC(=C3C([O-])=O)O)=C3)=CC=2)(=O)=O)C=1,
Sulfinpyrazone,,D,,C(CS(C(C=CC=C1)=C1)=O)C(C1=O)C(N(N1C(C=CC=C1)=C1)C(C=CC=C1)=C1)=O,
Sulfisoxazole,,D,,CC(C(C)=NO1)=C1NS(C(C=CC1N)=CC=1)(=O)=O,
Sulfoxone,,D,,C(NC(C=CC1S(C(C=CC2NCS(O)=O)=CC=2)(=O)=O)=CC=1)S(O)=O,
Sulindac,,D,,CC(C(=CC(C=CC1S(C)=O)=CC=1)C(C=CC1F)=C2C=1)=C2CC([O-])=O,
Sulpiride,,D,,CCN(CCC1)C1CNC(C(=CC1S(N)(=O)=O)C(=CC=1)OC)=O,
Sumatriptan,,D,,CNS(CC(C=CC(=C1C(CCN(C)C)=C2)N2)=C1)(=O)=O,
Suprofen,,D,,CC(C([O-])=O)C(C=CC1C(C(=CC=C2)S2)=O)=CC=1,
Tacrine,,D,,C(CCC(C1=C(C(C=CC=C2)=C22)N)=N2)C1,
Tacrolimus,,D,,[H]C(CCCC1)(N1C(C(C(C(C)CC(C1([H])C2OC)OC)(O1)O)=O)=O)C(OC(C(C(CC(C(C=C(CC(C2)C)C)CC=C)=O)O)C)C(C)=CC(CCC(C1OC)O)C1)=O,
Tadalafil,,D,,[H][C@](C1)(N([C@H](C2=C1C(C=CC=C1)=C1N2)C(C=CC(=C1OC2)O2)=C1)C1=O)C(N(C1)C)=O,
Talbutal,,D,,CCC(C)C(CC=C)(C1=O)C(NC(N1)=O)=O,
Tamoxifen,,D,,CCC(=C(C(C=CC=C1)=C1)C(C=CC1OCCN(C)C)=CC=1)C(C=CC=C1)=C1,
Tamsulosin,,D,,CCOC(C=CC=C1)=C1OCCN[C@@H](C)CC(C=CC(=C1S(N)(=O)=O)OC)=C1,
Tazarotene,,D,,CCOC(C(C=CC(C#CC(C=CC(=C1C(C)(C)CC2)S2)=C1)=N1)=C1)=O,
Tegaserod,,D,,CCCCCN=C(N)NN=CC(=CN1)C2=C1C=CC(CO)=C2,
Telithromycin,,D,,[H][C@]([C@@H](C)C([C@H](C)C[C@@](C)([C@H]([C@H](C)C([C@H](C)C(=O)O1)=O)O[C@@H]([C@H]([C@@H]2N(C)C)O)O[C@H](C2)C)OC)=O)([C@@]([C@H]1CC)(C)O1)N(C1=O)CCCCN(C=C(C(C=CC=N1)=C1)N1)C=1,
Telmisartan,,D,,CCCC(=N1)N(C(=C1C(C)=CC1C(=N2)N(C3=C2C=CC=C3)C)C=1)CC(C=CC1C(C=CC=C2)=C2C([O-])=O)=CC=1,
Temazepam,,D,,CN(C(C1O)=O)C(C(C(=N1)C(C=CC=C1)=C1)=CC1[Cl])=CC=1,
Temozolomide,,D,,CN(C(N(C=N1)C(=C1C(N)=O)N1)=O)N=1,
Teniposide,,D,,[H][C@@]([C@H]([C@H]([C@H](O[C@@H]1C(=CC(=C2OC3)O3)C(=C2)[C@H](C(=CC(=C(C2OC)O)OC)C=2)[C@]([H])(C(=O)OC2)[C@]12[H])O1)O)O)([C@]1([H])COC1C(=CC=C2)S2)O1,
Tenofovir,,D,,C[C@@H](CN(C=N1)C2=C1C(N)=NC=N2)OCP(O)(O)=O,
Tenoxicam,,D,,CN(C(=C(NC(C=CC=C1)=N1)O)C1=O)S(C2=C1SC=C2)(=O)=O,
Terazosin,,D,,COC(C=C(C(N)=NC1N(CCN2C(C(CCC3)O3)=O)CC2)C(N=1)=C1)=C1OC,
Terbinafine,,D,,CC(C)(C)C#CC=CCN(C)CC(=CC=C1)C2=C1C=CC=C2,
Terbutaline,,D,,CC(C)(C)NCC(C(=CC1O)C=C(C=1)O)O,
Terconazole,,D,,CC(C)N(CCN1C(C=CC2OCC(COC3(CN(C=NC4)N=4)C(C=CC4[Cl])=C(C=4)[Cl])O3)=CC=2)CC1,
Terfenadine,,D,,CC(C)(C)C(C=CC1C(CCCN(CCC2C(C(C=CC=C3)=C3)(C(C=CC=C3)=C3)O)CC2)O)=CC=1,
Testolactone,,D,,[H][C@@](CC1)([C@]([C@@]2([C@@]1(C)OC(CC2)=O)[H])([H])CC1)[C@@](C1=CC1=O)(C=C1)C,
Testosterone,,D,,[H][C@@](CC1)([C@@]([C@H]1O)(C)CC1)[C@]2([C@@]1([H])[C@](C)(CCC1=O)C(=C1)CC2)[H],
Tetracycline,,D,,[H]C(C1)(C(C(C(C1([H])C1N(C)C)(C(C(C1=O)=C(N)O)=O)O)=O)=C1O)C(C2C1=C(C=CC=2)O)(C)O,
Tetrahydrobiopterin,,D,,CC(C(C(CNC(=C1C2O)N=C(N=2)N)N1)O)O,
Thalidomide,,D,,C(CC1=O)C(C(N1)=O)N(C1=O)C(C2=C1C=CC=C2)=O,
Theophylline,,D,,CN(C1=O)C(N(C2=C1NC=N2)C)=O,
Thiabendazole,,D,,C(C=CC(=C1N=C2C(=CSC3)N=3)N2)=C1,
Thiamylal,,D,,CCCC(C)C(CC=C)(C1=O)C(N=C(N1)S)=O,
Thiethylperazine,,D,,CCSC(C=CC(=C1N(CCCN(CCN(C)C2)C2)C(C=CC=C2)=C22)S2)=C1,
Thioguanine,,D,,C(=NC(=C1C2S)N=C(N=2)N)N1,
Thiopental,,D,,CCCC(C)C(CC)(C1=O)C(N=C(N1)S)=O,
Thioridazine,,D,,CN(CCCC1)C1CCN(C(C=CC=C1)=C1S1)C(=C1C=CC1SC)C=1,
Tiagabine,,D,,CC(C=CS1)=C1C(=CCCN(CCC[C@H]1C([O-])=O)C1)C(=C(C)C=C1)S1,
Ticlopidine,,D,,C1CN(CC(C=CC=C2)=C2[Cl])CC(C=CS2)=C12,
Tigecycline,,D,,[H][C@@](C1)([C@@]2(C(C([C@]1([H])C1)=C(C(=C1C1N(C)C)C(=C(C=1)NC(CNC(C)(C)C)=O)O)O)=O)O)[C@@H](C(C(C2=O)=C(N)O)=O)N(C)C,
Tiludronate,,D,,C(=CC1[Cl])C(=CC=1)SC(P(O)(O)=O)P(O)(O)=O,
Timolol,,D,,CC(C)(C)NC[C@@H](COC(C1N(CCOC2)C2)=NSN=1)O,
Tinidazole,,D,,CCS(CCN(C1[N+]([O-])=O)C(=NC=1)C)(=O)=O,
Tioconazole,,D,,C(C(C(C=CC1[Cl])=C(C=1)[Cl])OCC(C=CS1)=C1[Cl])N(C=CN1)C=1,
Tipranavir,,D,,CCC[C@](CCC(C=CC=C1)=C1)(CC(C(=C1O)[C@@H](CC)C(=CC=CC2NS(C(C=CC3C(F)(F)F)=NC=3)(=O)=O)C=2)=O)O1,
Tirofiban,,D,,CCCCS(N[C@@H](CC(C=CC1OCCCCC(CCNC2)C2)=CC=1)C([O-])=O)(=O)=O,
Tizanidine,,D,,C(CN=C1NC(=C2[Cl])C(C(C=C2)=N2)=NS2)N1,
Tobramycin,,D,,C1C(C(C(C(C1N)OC(C(C(C(C1CO)O)N)O)O1)O)OC(C1N)OC(C(C1)O)CN)N,
Tocainide,,D,,CC(C(NC(C(C)=CC=C1)=C1C)=O)N,
Tolazamide,,D,,C(CCCN1NC(NS(C(C=CC(C)=C2)=C2)(=O)=O)=O)CC1,
Tolazoline,,D,,C(C(NCC1)=N1)C(C=CC=C1)=C1,
Tolbutamide,,D,,CCCCNC(NS(C(C=CC(C)=C1)=C1)(=O)=O)=O,
Tolcapone,,D,,CC(C=CC1C(C(=CC(C(C2N(O)O)=O)=O)C=2)=O)=CC=1,
Tolmetin,,D,,CC(C=CC1C(C(=CC2)N(C=2CC([O-])=O)C)=O)=CC=1,
Tolnaftate,,D,,CC(=CC=CC1N(C)C(OC(C=CC(C=CC=C2)=C22)=C2)=S)C=1,
Tolterodine,,D,,CC(C)N(CC[C@@H](C(C=CC=C1)=C1)C(C=C(C)C=C1)=C1O)C(C)C,
Topiramate,,D,,[H]C(CO1)(C(C(C1(COS(N)(=O)=O)O1)([H])OC1(C)C)([H])OC1(C)C)O1,
Topotecan,,D,,CC[C@@](C(C1)=C(C(N(C=1C(C1=CC(C(CN(C)C)=C2O)=C3C=C2)=N3)C1)=O)CO1)(C1=O)O,
Torasemide,,D,,CC(C)NC(NS(C(C=NC=C1)=C1NC(=CC=CC1C)C=1)(=O)=O)=O,
Toremifene,,D,,CN(C)CCOC(C=CC1C(=C(CC[Cl])C(C=CC=C2)=C2)C(C=CC=C2)=C2)=CC=1,
Torsemide,,D,,CC(C)NC(NS(C(C=NC=C1)=C1NC(=CC=CC1C)C=1)(=O)=O)=O,
Tramadol,,D,,CN(C)C[C@H](CCCC1)[C@]1(C(=CC=CC1OC)C=1)O,
Trandolapril,,D,,[H][C@@](CCCC1)([C@]1([H])C1)N([C@@H]1C([O-])=O)C([C@H](C)N[C@@H](CCC(C=CC=C1)=C1)C(=O)OCC)=O,
Tranexamic Acid,,D,,C(CC1C([O-])=O)C(CC1)CN,
Tranylcypromine,,D,,C1C(C(C=CC=C2)=C2)[C@H]1N,
Travoprost,,D,,CC(C)OC(CCCC=CC[C@H]([C@@H]1O)[C@H]([C@H](C1)O)C=C[C@H](COC(=CC=CC1C(F)(F)F)C=1)O)=O,
Trazodone,,D,,C(CN(CCN1C(=CC=CC2[Cl])C=2)CC1)CN(C(N(C=CC=C1)C11)=O)N=1,
Treprostinil,,D,,[H][C@](CC(C1=CC=C2)=C2OCC([O-])=O)([C@](C1)([H])[C@@H](CC[C@H](CCCCC)O)[C@@H]1O)C1,
Tretinoin,,D,,CC(C=CC(=C(C)CCC1)C1(C)C)=CC=CC(C)=CC([O-])=O,
Triamcinolone,,D,,[H][C@@](C1)([C@@]([C@@]([C@H]1O)(C(CO)=O)O)(C)C1)[C@@]2([C@]([C@@H]1O)([C@@](C)(C=CC1=O)C(=C1)CC2)F)[H],
Triamterene,,D,,C(C=CC1C(C(N)=NC(=C2C(N)=NC3N)N=3)=N2)=CC=1,
Triazolam,,D,,CC(=NN1)N(C=1CN1)C(C(C=1C(C=CC=C1)=C1[Cl])=CC1[Cl])=CC=1,
Trichlormethiazide,,D,,C(C(=C1NC(C([Cl])[Cl])N2)S2(=O)=O)=C(C(=C1)[Cl])S(N)(=O)=O,
Tridihexethyl,,D,,CC[N+](CC)(CC)CCC(C(CCCC1)C1)(C(C=CC=C1)=C1)O,
Trifluoperazine,,D,,CN(CCN(CCCN(C(C=CC=C1)=C1S1)C(=C1C=CC1C(F)(F)F)C=1)C1)C1,
Triflupromazine,,D,,CN(C)CCCN(C(C=CC=C1)=C1S1)C(=C1C=CC1C(F)(F)F)C=1,
Trifluridine,,D,,C([C@@H]([C@H](CO)O1)O)[C@H]1N(C=C(C1=O)C(F)(F)F)C(N1)=O,
Trihexyphenidyl,,D,,C(CCC1C(CCN(CCCC2)C2)(C(C=CC=C2)=C2)O)CC1,
Trilostane,,D,,[H][C@@](CC1)([C@@]([C@@H]1O)(C)CC1)[C@@]([C@@]1([H])[C@]([C@@]1([C@]2(C(=C3C#N)O)[H])O2)(C)C3)([H])CC1,
Trimeprazine,,D,,CC(CN(C)C)CN(C(C=CC=C1)=C1S1)C2=C1C=CC=C2,
Trimethadione,,D,,CC(C)(C(N(C)C1=O)=O)O1,
Trimethaphan,,D,,[H]C(C1)(C(C2([S+]1CCC2)[H])([H])N(CC(C=CC=C1)=C1)C1=O)N1CC(C=CC=C1)=C1,
Trimethobenzamide,,D,,CN(C)CCOC(C=CC(CNC(C(=CC(=C(C1OC)OC)OC)C=1)=O)=C1)=C1,
Trimethoprim,,D,,COC(=CC(CC(C=NC(N)=N1)=C1N)=C1)C(=C1OC)OC,
Trimetrexate,,D,,CC(=C(CNC(=CC(=C(C1OC)OC)OC)C=1)C=C1)C(=C1N1)C(N)=NC=1N,
Trimipramine,,D,,CC(CN(C)C)CN(C(C=CC=C1)=C1CC1)C2=C1C=CC=C2,
Tripelennamine,,D,,CN(C)CCN(CC(C=CC=C1)=C1)C(C=CC=C1)=N1,
Triprolidine,,D,,C(CCN1CC=C(C(C=CC(C)=C2)=C2)C(C=CC=C2)=N2)C1,
Troglitazone,,D,,CC(C(C)=C(C1=C2C)OC(CC1)(C)COC(C=CC(CC(C1=O)SC(N1)=O)=C1)=C1)=C2O,
Tropicamide,,D,,CCN(CC(C=CN=C1)=C1)C(C(CO)C(C=CC=C1)=C1)=O,
Trospium,,D,,[H]C(CC1)(CC(C2)OC(C(C(C=CC=C3)=C3)(C(C=CC=C3)=C3)O)=O)[N+](C12[H])(CCC1)C1,
Trovafloxacin,,D,,[H][C@@](CN1C(=C2F)N=C(C(=C2)C(C2C([O-])=O)=O)N(C=2)C(C=CC2F)=C(C=2)F)([C@]2(C1)[H])C2N,
Tubocurarine,,D,,[H][C@@](CC(C=CC1OC(=C(C2=C3)[C@]([N+](CC2)(C)C)([H])CC(C=CC(=C2OC(=C4)C5OC)O)=C2)C(=C3OC)O)=CC=1)(C4=C1C=5)N(CC1)C,
Uracil mustard,,D,,C(C[Cl])N(CC[Cl])C(=CNC1=O)C(N1)=O,
Valacyclovir,,D,,CC(C)[C@@H](C(=O)OCCOCN(C=N1)C(=C1C1=O)NC(=N1)N)N,
Valdecoxib,,D,,CC(=C(C(C=CC1S(N)(=O)=O)=CC=1)C(C(C=CC=C1)=C1)=N1)O1,
Valproic Acid,,D,,CCCC(CCC)C([O-])=O,
Valrubicin,,D,,CCCCC(=O)OCC([C@@]1(C[C@@H](C2=C(C1)C(=C(C(=C2O)C1=O)C(C2C1=C(C=CC=2)OC)=O)O)OC(CC(C(C1C)O)NC(C(F)(F)F)=O)O1)O)=O,
Valsartan,,D,,CCCCC(N(CC(C=CC1C(C=CC=C2)=C2C(N=NN2)=N2)=CC=1)[C@@H](C(C)C)C([O-])=O)=O,
Vancomycin,,D,,[H][C@@](C1=O)(NC([C@](C2C=C(C(C([C@@H](N1)C([O-])=O)=CC1O)=C(C=1)O)C(=CC=2)O)([H])NC([C@]([H])(C(=CC(=C(C1OC(C=C2)=C(C3)[Cl])O[C@@H]([C@H]([C@@H]([C@@H]([C@H]4CO)O)O)O[C@@H](C[C@@](C)([C@@H]([C@@H]5C)O)N)O5)O4)OC(C=CC4[C@H](C(C5=O)NC([C@H](CC(C)C)NC)=O)O)=C(C=4)[Cl])C=1)NC([C@@H](N5)CC(N)=O)=O)=O)=O)[C@H](C2=3)O,
Vardenafil,,D,,CCCC(=N1)N(C(=C1C)C1=O)NC(=N1)C(=CC1S(N(CCN(CC)C2)C2)(=O)=O)C(=CC=1)OCC,
Vasopressin,,D,,C(C[C@@H](C(NCC(NCC(N)=O)=O)=O)N1C([C@H](CS)NC([C@@H](CC(N)=O)NC([C@@H](CCC(N)=O)NC([C@@H](CC(C=CC=C2)=C2)NC([C@@H](CC(C=CC2O)=CC=2)NC([C@H](CS)N)=O)=O)=O)=O)=O)=O)C1,
Venlafaxine,,D,,CN(C)CC(C(C=CC1OC)=CC=1)C1(CCCCC1)O,
Verapamil,,D,,CC(C)C(CCCN(C)CCC(C=CC(=C1OC)OC)=C1)(C#N)C(C=CC(=C1OC)OC)=C1,
Verteporfin,,D,,CC(=C(CCC(O)=O)C(=CC(=C(CCC(O)=O)C(C)=C12)N2)N2)C=2C=C2[C@](C(C(=CC3C(=C(C(=C1)N=3)C=C)C)N2)=CC1)([C@@H](C=1C(=O)OC)C(=O)OC)C,
Vidarabine,,D,,C([C@H]([C@@H]([C@@H]([C@H]1N(C=N2)C3=C2C(N)=NC=N3)O)O)O1)O,
Vigabatrin,,D,,C=CC(CCC([O-])=O)N,
Vinblastine,,D,,[H][C@](C[C@@](C(=O)OC)(C(=CC1=C2N(C)[C@]([H])([C@@]3(C(=O)OC)O)[C@]11[C@]([C@]([C@H]3OC(C)=O)(CC)C=CC3)(N3CC1)[H])C(=C2)OC)C(=C1C(C=CC=C2)=C22)N2)(C[C@@](CN2CC1)(CC)O)C2,
Vincristine,,D,,[H][C@@](C[C@@](C(=O)OC)(C(=CC1=C2N(C=O)[C@]([H])([C@@]3(C(=O)OC)O)[C@]11[C@]([C@]([C@H]3OC(C)=O)(CC)C=CC3)(N3CC1)[H])C(=C2)OC)C(=C1C(C=CC=C2)=C22)N2)(CN(CC1)C[C@@]1(CC)O)C1,
Vindesine,,D,,[H][C@@](C[C@@](C(=O)OC)(C(=CC1=C2N(C)[C@]([H])([C@@]3(C(N)=O)O)[C@]11[C@]([C@]([C@H]3O)(CC)C=CC3)(N3CC1)[H])C(=C2)OC)C(=C1C(C=CC=C2)=C22)N2)(CN(CC1)C[C@@]1(CC)O)C1,
Vinorelbine,,D,,[H]C(C[C@@](C(=O)OC)(C(=CC1=C2N(C)[C@]([H])([C@@]3(C(=O)OC)O)[C@]11[C@]([C@]([C@H]3OC(C)=O)(CC)C=CC3)(N3CC1)[H])C(=C2)OC)C(=C1C(C=CC=C2)=C22)N2)(C=C(CN2C1)CC)C2,
Vitamin A,,D,,CC(C=CC=C(C)C=CC(=C(C)CCC1)C1(C)C)=CCO,
Vitamin B1,,D,Thiamine,CC(N=CC(C[N+](=CS1)C(=C1CCO)C)=C1N)=N1,
Vitamin B12,,D,,[H]C(C(CC(N)=O)C(C)(CCC(NCC(C)OP([O-])(=O)O[C@@H]([C@H]([C@@H](N(C=N1)C2=C1C=C(C)C(C)=C2)O1)O)[C@H]1CO)=O)C1C(C)=C(C(CCC(N)=O)C(C)(C)C23)N=3)(C3(C(C(C(=C(C4C(C(C(=C2)N=4)CCC(N)=O)(C)CC(N)=O)C)[N-]3)CCC(N)=O)(C)CC(N)=O)C)N=1,
Vitamin B2,,D,Riboflavin,CC(=CC(=C1N(C[C@H]([C@H]([C@@H](CO)O)O)O)C(C2C3=O)=NC(N3)=O)N=2)C(=C1)C,
Vitamin B3,,D,Niacin,C(=CC1C([O-])=O)C=NC=1,
Vitamin B6,,D,Pyridoxine,CC(C(=C(CO)C(CO)=C1)O)=N1,
Vitamin C,,D,,C(C(C(C(C(=C1O)O)=O)O1)O)O,
Vitamin D2,,D,Ergocalciferol,CC(C)[C@H](C)C=C[C@H](C)[C@H](CC1)[C@]([C@]1([H])C1=CC=C(C[C@@H]2O)C(CC2)=C)(CCC1)C,
Vitamin D3,,D,Cholecalciferol,CC(C)CCC[C@H](C)[C@H](CC1)[C@]([C@]1([H])C1=CC=C(C[C@@H]2O)C(CC2)=C)(CCC1)C,
Vitamin D4,,D,Dihydrotachysterol,CC(C)C(C)C=CC(C)C(CC1)C(C1([H])C1=CC=C(CC2O)C(CC2)C)(CCC1)C,
Voriconazole,,D,,C[C@@H](C(=C1F)N=CN=C1)[C@](CN(C=NC1)N=1)(C(C=CC1F)=C(C=1)F)O,
Warfarin,,D,,CC(CC(C(=C(O)O1)C(C2=C1C=CC=C2)=O)C(C=CC=C1)=C1)=O,
Zafirlukast,,D,,CC(C=CC=C1)=C1S(NC(C(C=CC(CC(=C1)C(=C(N1C)C=CC1NC(=O)OC(CCC2)C2)C=1)=C1OC)=C1)=O)(=O)=O,
Zalcitabine,,D,,C(C[C@H](N(C=CC(N)=N1)C1=O)O1)[C@@H]1CO,
Zaleplon,,D,,CCN(C(C)=O)C(=CC=CC1C(=CC=N2)N3C2=C(C#N)C=N3)C=1,
Zanamivir,,D,,CC(N[C@H]([C@@H]1N=C(N)N)[C@H](OC(=C1)C([O-])=O)[C@H]([C@H](CO)O)O)=O,
Zidovudine,,D,,CC(=CN(C(CC(C1CO)N=[N+]=[N-])O1)C1=O)C(N1)=O,
Zileuton,,D,,CC(C(=CC(C=CC=C1)=C11)S1)N(C(N)=O)O,
Ziprasidone,,D,,C(CN(CCN1C(C(C=CC=C2)=C2S2)=N2)CC1)C(C=C(CC1=O)C(N1)=C1)=C1[Cl],
Zoledronate,,D,,C(C(O)(P(O)(O)=O)P(O)(O)=O)N(C=CN1)C=1,
Zolmitriptan,,D,,CN(C)CCC(=CN1)C2=C1C=CC(CC(COC1=O)N1)=C2,
Zolpidem,,D,,CC(C=CC1C(=C(CC(N(C)C)=O)N(C=C(C)C=C2)C22)N=2)=CC=1,
Zonisamide,,D,,C(C(C(C=CC=C1)=C1O1)=N1)S(N)(=O)=O,
Zopiclone,,D,,CN(CCN1C(=O)OC(C(C2=NC=C3)=N3)N(C2=O)C(C=CC2[Cl])=NC=2)CC1,
